"Fecha","NFLX.Open","NFLX.High","NFLX.Low","NFLX.Close","NFLX.Volume","NFLX.Adjusted","Año","Año2g","Mes_num","Mes_txt","Mes_txt2","Dia_num","Dia_año","Dia_txt","Dia_txt2","Semana_D","Semana_L","Trimestre","TrimestreQ"
2024-03-05,61.0099983215332,61.0909996032715,59.2000007629395,59.8499984741211,38496000,59.8499984741211,"2024","24","03","marzo","mar.","05","065","martes","mar.","09","10",1,2024 Q1
2024-03-06,60.298999786377,60.7929992675781,59.3559989929199,59.7690010070801,24696000,59.7690010070801,"2024","24","03","marzo","mar.","06","066","miércoles","mié.","09","10",1,2024 Q1
2024-03-07,59.9339981079102,61.0530014038086,59.5900001525879,60.851001739502,27428000,60.851001739502,"2024","24","03","marzo","mar.","07","067","jueves","jue.","09","10",1,2024 Q1
2024-03-08,60.8269996643066,61.609001159668,60.0839996337891,60.4819984436035,27772000,60.4819984436035,"2024","24","03","marzo","mar.","08","068","viernes","vie.","09","10",1,2024 Q1
2024-03-11,60.8079986572266,61.0999984741211,60.0369987487793,60.0929985046387,25009000,60.0929985046387,"2024","24","03","marzo","mar.","11","071","lunes","lun.","10","11",1,2024 Q1
2024-03-12,60.0209999084473,61.5299987792969,59.6269989013672,61.1080017089844,28216000,61.1080017089844,"2024","24","03","marzo","mar.","12","072","martes","mar.","10","11",1,2024 Q1
2024-03-13,61.3370018005371,61.4850006103516,60.7210006713867,60.9449996948242,21921000,60.9449996948242,"2024","24","03","marzo","mar.","13","073","miércoles","mié.","10","11",1,2024 Q1
2024-03-14,61.5,62.0800018310547,60.7350006103516,61.3009986877441,31205000,61.3009986877441,"2024","24","03","marzo","mar.","14","074","jueves","jue.","10","11",1,2024 Q1
2024-03-15,62.2919998168945,62.2919998168945,60.3819999694824,60.5880012512207,66716000,60.5880012512207,"2024","24","03","marzo","mar.","15","075","viernes","vie.","10","11",1,2024 Q1
2024-03-18,61.3559989929199,62.7410011291504,61.0449981689453,61.8390007019043,33442000,61.8390007019043,"2024","24","03","marzo","mar.","18","078","lunes","lun.","11","12",1,2024 Q1
2024-03-19,61.5620002746582,62.1279983520508,60.7999992370605,62.0740013122559,21426000,62.0740013122559,"2024","24","03","marzo","mar.","19","079","martes","mar.","11","12",1,2024 Q1
2024-03-20,61.9949989318848,62.951000213623,61.8339996337891,62.7690010070801,26395000,62.7690010070801,"2024","24","03","marzo","mar.","20","080","miércoles","mié.","11","12",1,2024 Q1
2024-03-21,63.064998626709,63.4360008239746,62.2330017089844,62.2709999084473,25077000,62.2709999084473,"2024","24","03","marzo","mar.","21","081","jueves","jue.","11","12",1,2024 Q1
2024-03-22,62.4160003662109,62.9049987792969,62.0999984741211,62.8009986877441,21357000,62.8009986877441,"2024","24","03","marzo","mar.","22","082","viernes","vie.","11","12",1,2024 Q1
2024-03-25,62.7900009155273,63.0460014343262,62.3160018920898,62.7459983825684,18033000,62.7459983825684,"2024","24","03","marzo","mar.","25","085","lunes","lun.","12","13",1,2024 Q1
2024-03-26,62.5200004577637,63.4389991760254,61.9179992675781,62.923999786377,28045000,62.923999786377,"2024","24","03","marzo","mar.","26","086","martes","mar.","12","13",1,2024 Q1
2024-03-27,62.9010009765625,63.1349983215332,61.0730018615723,61.3530006408691,26283000,61.3530006408691,"2024","24","03","marzo","mar.","27","087","miércoles","mié.","12","13",1,2024 Q1
2024-03-28,61.4990005493164,61.5,60.1590003967285,60.7330017089844,37088000,60.7330017089844,"2024","24","03","marzo","mar.","28","088","jueves","jue.","12","13",1,2024 Q1
2024-04-01,60.7999992370605,61.5110015869141,60.556999206543,61.4309997558594,21159000,61.4309997558594,"2024","24","04","abril","abr.","01","092","lunes","lun.","13","14",2,2024 Q2
2024-04-02,61.0999984741211,61.5029983520508,60.5509986877441,61.4210014343262,20292000,61.4210014343262,"2024","24","04","abril","abr.","02","093","martes","mar.","13","14",2,2024 Q2
2024-04-03,61.2750015258789,63.0410003662109,61.1500015258789,63.007999420166,29312000,63.007999420166,"2024","24","04","abril","abr.","03","094","miércoles","mié.","13","14",2,2024 Q2
2024-04-04,63.3209991455078,63.7999992370605,61.6580009460449,61.7140007019043,30643000,61.7140007019043,"2024","24","04","abril","abr.","04","095","jueves","jue.","13","14",2,2024 Q2
2024-04-05,62.492000579834,63.7910003662109,62.2709999084473,63.6180000305176,33788000,63.6180000305176,"2024","24","04","abril","abr.","05","096","viernes","vie.","13","14",2,2024 Q2
2024-04-08,63.6389999389648,63.9000015258789,62.8110008239746,62.8409996032715,21457000,62.8409996032715,"2024","24","04","abril","abr.","08","099","lunes","lun.","14","15",2,2024 Q2
2024-04-09,63.1990013122559,63.1990013122559,61.5629997253418,61.8199996948242,21436000,61.8199996948242,"2024","24","04","abril","abr.","09","100","martes","mar.","14","15",2,2024 Q2
2024-04-10,61.0970001220703,62.0139999389648,60.9339981079102,61.8580017089844,28062000,61.8580017089844,"2024","24","04","abril","abr.","10","101","miércoles","mié.","14","15",2,2024 Q2
2024-04-11,62.4420013427734,63.1660003662109,61.7239990234375,62.8779983520508,26627000,62.8779983520508,"2024","24","04","abril","abr.","11","102","jueves","jue.","14","15",2,2024 Q2
2024-04-12,62.8230018615723,63.3120002746582,61.8919982910156,62.2830009460449,29593000,62.2830009460449,"2024","24","04","abril","abr.","12","103","viernes","vie.","14","15",2,2024 Q2
2024-04-15,63.0169982910156,63.0169982910156,60.3870010375977,60.7150001525879,30854000,60.7150001525879,"2024","24","04","abril","abr.","15","106","lunes","lun.","15","16",2,2024 Q2
2024-04-16,60.75,62.2449989318848,60.75,61.7519989013672,35191000,61.7519989013672,"2024","24","04","abril","abr.","16","107","martes","mar.","15","16",2,2024 Q2
2024-04-17,62.0970001220703,62.0970001220703,60.7709999084473,61.3689994812012,33122000,61.3689994812012,"2024","24","04","abril","abr.","17","108","miércoles","mié.","15","16",2,2024 Q2
2024-04-18,61.2099990844727,62.132999420166,60.5429992675781,61.0559997558594,84684000,61.0559997558594,"2024","24","04","abril","abr.","18","109","jueves","jue.","15","16",2,2024 Q2
2024-04-19,56.7879981994629,57.9000015258789,55.2159996032715,55.5040016174316,164497000,55.5040016174316,"2024","24","04","abril","abr.","19","110","viernes","vie.","15","16",2,2024 Q2
2024-04-22,55.0660018920898,55.8610000610352,54.201000213623,55.4599990844727,85977000,55.4599990844727,"2024","24","04","abril","abr.","22","113","lunes","lun.","16","17",2,2024 Q2
2024-04-23,55.648998260498,57.9210014343262,55.5279998779297,57.7750015258789,49755000,57.7750015258789,"2024","24","04","abril","abr.","23","114","martes","mar.","16","17",2,2024 Q2
2024-04-24,57.4309997558594,57.6910018920898,55.1300010681152,55.5120010375977,53553000,55.5120010375977,"2024","24","04","abril","abr.","24","115","miércoles","mié.","16","17",2,2024 Q2
2024-04-25,54.9459991455078,56.6539993286133,54.5709991455078,56.4799995422363,38071000,56.4799995422363,"2024","24","04","abril","abr.","25","116","jueves","jue.","16","17",2,2024 Q2
2024-04-26,55.8209991455078,56.2919998168945,55.3190002441406,56.1230010986328,43326000,56.1230010986328,"2024","24","04","abril","abr.","26","117","viernes","vie.","16","17",2,2024 Q2
2024-04-29,55.9179992675781,55.9640007019043,55.423999786377,55.9490013122559,25089000,55.9490013122559,"2024","24","04","abril","abr.","29","120","lunes","lun.","17","18",2,2024 Q2
2024-04-30,56,56,54.9379997253418,55.0639991760254,33615000,55.0639991760254,"2024","24","04","abril","abr.","30","121","martes","mar.","17","18",2,2024 Q2
2024-05-01,54.7840003967285,56.0390014648438,54.4249992370605,55.1710014343262,34732000,55.1710014343262,"2024","24","05","mayo","may.","01","122","miércoles","mié.","17","18",2,2024 Q2
2024-05-02,55.6020011901855,56.5460014343262,55.5589981079102,56.5149993896484,30682000,56.5149993896484,"2024","24","05","mayo","may.","02","123","jueves","jue.","17","18",2,2024 Q2
2024-05-03,56.5999984741211,58.0260009765625,56.515998840332,57.9339981079102,33075000,57.9339981079102,"2024","24","05","mayo","may.","03","124","viernes","vie.","17","18",2,2024 Q2
2024-05-06,58.181999206543,59.734001159668,58.0250015258789,59.6969985961914,36863000,59.6969985961914,"2024","24","05","mayo","may.","06","127","lunes","lun.","18","19",2,2024 Q2
2024-05-07,59.6279983520508,60.6049995422363,59.1319999694824,60.5999984741211,36141000,60.5999984741211,"2024","24","05","mayo","may.","07","128","martes","mar.","18","19",2,2024 Q2
2024-05-08,60.1629981994629,61.8219985961914,60.1629981994629,60.9469985961914,30939000,60.9469985961914,"2024","24","05","mayo","may.","08","129","miércoles","mié.","18","19",2,2024 Q2
2024-05-09,61.439998626709,61.5719985961914,60.5750007629395,61.2089996337891,20654000,61.2089996337891,"2024","24","05","mayo","may.","09","130","jueves","jue.","18","19",2,2024 Q2
2024-05-10,61.9000015258789,62.3979988098145,60.5060005187988,61.0870018005371,26536000,61.0870018005371,"2024","24","05","mayo","may.","10","131","viernes","vie.","18","19",2,2024 Q2
2024-05-13,61.4300003051758,61.8219985961914,60.6829986572266,61.6590003967285,20862000,61.6590003967285,"2024","24","05","mayo","may.","13","134","lunes","lun.","19","20",2,2024 Q2
2024-05-14,61.5169982910156,62.1479988098145,60.8400001525879,61.3660011291504,27924000,61.3660011291504,"2024","24","05","mayo","may.","14","135","martes","mar.","19","20",2,2024 Q2
2024-05-15,61.8569984436035,62.4099998474121,60.9099998474121,61.3520011901855,56706000,61.3520011901855,"2024","24","05","mayo","may.","15","136","miércoles","mié.","19","20",2,2024 Q2
2024-05-16,61.5750007629395,61.8339996337891,60.9090003967285,61.0519981384277,30564000,61.0519981384277,"2024","24","05","mayo","may.","16","137","jueves","jue.","19","20",2,2024 Q2
2024-05-17,61.7000007629395,62.5789985656738,61.4710006713867,62.1100006103516,37827000,62.1100006103516,"2024","24","05","mayo","may.","17","138","viernes","vie.","19","20",2,2024 Q2
2024-05-20,62.0400009155273,64.4369964599609,61.9519996643066,64.0820007324219,38579000,64.0820007324219,"2024","24","05","mayo","may.","20","141","lunes","lun.","20","21",2,2024 Q2
2024-05-21,63.6759986877441,65.0879974365234,63.4220008850098,65.0609970092773,29202000,65.0609970092773,"2024","24","05","mayo","may.","21","142","martes","mar.","20","21",2,2024 Q2
2024-05-22,64.713996887207,64.9250030517578,63.8120002746582,64.0469970703125,21762000,64.0469970703125,"2024","24","05","mayo","may.","22","143","miércoles","mié.","20","21",2,2024 Q2
2024-05-23,64.234001159668,64.2710037231445,63,63.5670013427734,23139000,63.5670013427734,"2024","24","05","mayo","may.","23","144","jueves","jue.","20","21",2,2024 Q2
2024-05-24,63.939998626709,65.1999969482422,63.7599983215332,64.6750030517578,26153000,64.6750030517578,"2024","24","05","mayo","may.","24","145","viernes","vie.","20","21",2,2024 Q2
2024-05-28,64.7050018310547,64.9749984741211,64.3030014038086,64.9000015258789,26095000,64.9000015258789,"2024","24","05","mayo","may.","28","149","martes","mar.","21","22",2,2024 Q2
2024-05-29,64.4130020141602,66.4250030517578,64.3889999389648,65.4619979858398,36959000,65.4619979858398,"2024","24","05","mayo","may.","29","150","miércoles","mié.","21","22",2,2024 Q2
2024-05-30,65.3519973754883,65.6490020751953,64.4729995727539,64.765998840332,23889000,64.765998840332,"2024","24","05","mayo","may.","30","151","jueves","jue.","21","22",2,2024 Q2
2024-05-31,64.4010009765625,64.8580017089844,62.8300018310547,64.1620025634766,40710000,64.1620025634766,"2024","24","05","mayo","may.","31","152","viernes","vie.","21","22",2,2024 Q2
2024-06-03,64.5220031738281,64.6780014038086,62.7270011901855,63.3790016174316,23235000,63.3790016174316,"2024","24","06","junio","jun.","03","155","lunes","lun.","22","23",2,2024 Q2
2024-06-04,63.3779983520508,63.5229988098145,62.6440010070801,63.1619987487793,30082000,63.1619987487793,"2024","24","06","junio","jun.","04","156","martes","mar.","22","23",2,2024 Q2
2024-06-05,63.4020004272461,65.125,62.8250007629395,65.0270004272461,26826000,65.0270004272461,"2024","24","06","junio","jun.","05","157","miércoles","mié.","22","23",2,2024 Q2
2024-06-06,64.4889984130859,65.7990036010742,64.4240036010742,64.8519973754883,24667000,64.8519973754883,"2024","24","06","junio","jun.","06","158","jueves","jue.","22","23",2,2024 Q2
2024-06-07,64.9380035400391,65.0400009155273,64.0240020751953,64.1470031738281,18766000,64.1470031738281,"2024","24","06","junio","jun.","07","159","viernes","vie.","22","23",2,2024 Q2
2024-06-10,64.1009979248047,64.4789962768555,63.5589981079102,64.4499969482422,20644000,64.4499969482422,"2024","24","06","junio","jun.","10","162","lunes","lun.","23","24",2,2024 Q2
2024-06-11,64.0719985961914,65.0189971923828,64.052001953125,64.8550033569336,21674000,64.8550033569336,"2024","24","06","junio","jun.","11","163","martes","mar.","23","24",2,2024 Q2
2024-06-12,65.2210006713867,65.5780029296875,64.3109970092773,65.0059967041016,20944000,65.0059967041016,"2024","24","06","junio","jun.","12","164","miércoles","mié.","23","24",2,2024 Q2
2024-06-13,64.4000015258789,65.5250015258789,64.2350006103516,65.3259963989258,18636000,65.3259963989258,"2024","24","06","junio","jun.","13","165","jueves","jue.","23","24",2,2024 Q2
2024-06-14,65.504997253418,67.5579986572266,65.2639999389648,66.9380035400391,44471000,66.9380035400391,"2024","24","06","junio","jun.","14","166","viernes","vie.","23","24",2,2024 Q2
2024-06-17,66.911003112793,68.2710037231445,66.5110015869141,67.5830001831055,36312000,67.5830001831055,"2024","24","06","junio","jun.","17","169","lunes","lun.","24","25",2,2024 Q2
2024-06-18,67.5630035400391,68.7060012817383,67.463996887207,68.5670013427734,29438000,68.5670013427734,"2024","24","06","junio","jun.","18","170","martes","mar.","24","25",2,2024 Q2
2024-06-20,68.1800003051758,68.9879989624023,67.3720016479492,67.9029998779297,25851000,67.9029998779297,"2024","24","06","junio","jun.","20","172","jueves","jue.","24","25",2,2024 Q2
2024-06-21,68.3259963989258,68.6900024414062,67.8099975585938,68.6119995117188,45064000,68.6119995117188,"2024","24","06","junio","jun.","21","173","viernes","vie.","24","25",2,2024 Q2
2024-06-24,68.5,68.5500030517578,66.4499969482422,66.9020004272461,39163000,66.9020004272461,"2024","24","06","junio","jun.","24","176","lunes","lun.","25","26",2,2024 Q2
2024-06-25,67.3440017700195,67.3669967651367,66.2300033569336,67.2409973144531,22706000,67.2409973144531,"2024","24","06","junio","jun.","25","177","martes","mar.","25","26",2,2024 Q2
2024-06-26,67.2409973144531,68.2959976196289,67.0019989013672,67.7689971923828,35458000,67.7689971923828,"2024","24","06","junio","jun.","26","178","miércoles","mié.","25","26",2,2024 Q2
2024-06-27,67.9349975585938,68.8570022583008,67.8140029907227,68.4339981079102,24048000,68.4339981079102,"2024","24","06","junio","jun.","27","179","jueves","jue.","25","26",2,2024 Q2
2024-06-28,67.9000015258789,68.6999969482422,67.3079986572266,67.4879989624023,34124000,67.4879989624023,"2024","24","06","junio","jun.","28","180","viernes","vie.","25","26",2,2024 Q2
2024-07-01,67.4889984130859,67.5019989013672,66.3779983520508,67.3610000610352,22128000,67.3610000610352,"2024","24","07","julio","jul.","01","183","lunes","lun.","26","27",3,2024 Q3
2024-07-02,67.3539962768555,68.1740036010742,67.0070037841797,67.9580001831055,24114000,67.9580001831055,"2024","24","07","julio","jul.","02","184","martes","mar.","26","27",3,2024 Q3
2024-07-03,67.7480010986328,68.375,67.5500030517578,68.2509994506836,14035000,68.2509994506836,"2024","24","07","julio","jul.","03","185","miércoles","mié.","26","27",3,2024 Q3
2024-07-05,68.2509994506836,69.7490005493164,67.7229995727539,69.0650024414062,26591000,69.0650024414062,"2024","24","07","julio","jul.","05","187","viernes","vie.","26","27",3,2024 Q3
2024-07-08,68.6999969482422,68.8860015869141,68.1490020751953,68.5739974975586,19308000,68.5739974975586,"2024","24","07","julio","jul.","08","190","lunes","lun.","27","28",3,2024 Q3
2024-07-09,69,69.5270004272461,68.4720001220703,68.5739974975586,25961000,68.5739974975586,"2024","24","07","julio","jul.","09","191","martes","mar.","27","28",3,2024 Q3
2024-07-10,68.5019989013672,68.7220001220703,67.3160018920898,67.7649993896484,26519000,67.7649993896484,"2024","24","07","julio","jul.","10","192","miércoles","mié.","27","28",3,2024 Q3
2024-07-11,67.2490005493164,67.2490005493164,64.7440032958984,65.2750015258789,51066000,65.2750015258789,"2024","24","07","julio","jul.","11","193","jueves","jue.","27","28",3,2024 Q3
2024-07-12,65.2750015258789,65.5920028686523,64.3710021972656,64.7600021362305,33552000,64.7600021362305,"2024","24","07","julio","jul.","12","194","viernes","vie.","27","28",3,2024 Q3
2024-07-15,64.75,66.7539978027344,64.6630020141602,65.6449966430664,32088000,65.6449966430664,"2024","24","07","julio","jul.","15","197","lunes","lun.","28","29",3,2024 Q3
2024-07-16,66.1800003051758,66.3679962158203,64.9130020141602,65.6320037841797,26857000,65.6320037841797,"2024","24","07","julio","jul.","16","198","martes","mar.","28","29",3,2024 Q3
2024-07-17,65,65.0449981689453,63.9469985961914,64.7460021972656,40173000,64.7460021972656,"2024","24","07","julio","jul.","17","199","miércoles","mié.","28","29",3,2024 Q3
2024-07-18,65.6600036621094,65.7040023803711,63.9169998168945,64.3040008544922,75758000,64.3040008544922,"2024","24","07","julio","jul.","18","200","jueves","jue.","28","29",3,2024 Q3
2024-07-19,66.0640029907227,67.8970031738281,62.9119987487793,63.3339996337891,98156000,63.3339996337891,"2024","24","07","julio","jul.","19","201","viernes","vie.","28","29",3,2024 Q3
2024-07-22,63.9500007629395,65.6289978027344,63.2599983215332,64.75,52191000,64.75,"2024","24","07","julio","jul.","22","204","lunes","lun.","29","30",3,2024 Q3
2024-07-23,64.75,64.9909973144531,64.0999984741211,64.2760009765625,24636000,64.2760009765625,"2024","24","07","julio","jul.","23","205","martes","mar.","29","30",3,2024 Q3
2024-07-24,63.5740013122559,65.2419967651367,63.2669982910156,63.5989990234375,48882000,63.5989990234375,"2024","24","07","julio","jul.","24","206","miércoles","mié.","29","30",3,2024 Q3
2024-07-25,64.0999984741211,64.9980010986328,62.1699981689453,63.4090003967285,45545000,63.4090003967285,"2024","24","07","julio","jul.","25","207","jueves","jue.","29","30",3,2024 Q3
2024-07-26,64.5,64.6989974975586,62.9770011901855,63.1370010375977,31207000,63.1370010375977,"2024","24","07","julio","jul.","26","208","viernes","vie.","29","30",3,2024 Q3
2024-07-29,63.4609985351562,63.4609985351562,62.3930015563965,62.6959991455078,24005000,62.6959991455078,"2024","24","07","julio","jul.","29","211","lunes","lun.","30","31",3,2024 Q3
2024-07-30,63.0169982910156,63.4690017700195,61.7000007629395,62.257999420166,34966000,62.257999420166,"2024","24","07","julio","jul.","30","212","martes","mar.","30","31",3,2024 Q3
2024-07-31,62.6570014953613,63.3600006103516,62.257999420166,62.8349990844727,31349000,62.8349990844727,"2024","24","07","julio","jul.","31","213","miércoles","mié.","30","31",3,2024 Q3
2024-08-01,62.9249992370605,64.6709976196289,61.7610015869141,62.4850006103516,37206000,62.4850006103516,"2024","24","08","agosto","ago.","01","214","jueves","jue.","30","31",3,2024 Q3
2024-08-02,62.0979995727539,62.5270004272461,60.8349990844727,61.3639984130859,35230000,61.3639984130859,"2024","24","08","agosto","ago.","02","215","viernes","vie.","30","31",3,2024 Q3
2024-08-05,58.7039985656738,60.4560012817383,58.7039985656738,59.8549995422363,40442000,59.8549995422363,"2024","24","08","agosto","ago.","05","218","lunes","lun.","31","32",3,2024 Q3
2024-08-06,60.0620002746582,62.2449989318848,60.0620002746582,60.9570007324219,43191000,60.9570007324219,"2024","24","08","agosto","ago.","06","219","martes","mar.","31","32",3,2024 Q3
2024-08-07,61.6069984436035,63.2000007629395,61.0639991760254,61.1479988098145,31878000,61.1479988098145,"2024","24","08","agosto","ago.","07","220","miércoles","mié.","31","32",3,2024 Q3
2024-08-08,62.1990013122559,63.2290000915527,61.6020011901855,63.0349998474121,32835000,63.0349998474121,"2024","24","08","agosto","ago.","08","221","jueves","jue.","31","32",3,2024 Q3
2024-08-09,62.298999786377,63.6619987487793,62.298999786377,63.3940010070801,19808000,63.3940010070801,"2024","24","08","agosto","ago.","09","222","viernes","vie.","31","32",3,2024 Q3
2024-08-12,63.0999984741211,63.9000015258789,62.7070007324219,63.3139991760254,23317000,63.3139991760254,"2024","24","08","agosto","ago.","12","225","lunes","lun.","32","33",3,2024 Q3
2024-08-13,63.8559989929199,65.0970001220703,63.5499992370605,64.802001953125,26396000,64.802001953125,"2024","24","08","agosto","ago.","13","226","martes","mar.","32","33",3,2024 Q3
2024-08-14,64.870002746582,66.3570022583008,64.870002746582,66.1679992675781,40143000,66.1679992675781,"2024","24","08","agosto","ago.","14","227","miércoles","mié.","32","33",3,2024 Q3
2024-08-15,66.8489990234375,67.3190002441406,65.9800033569336,66.3219985961914,32102000,66.3219985961914,"2024","24","08","agosto","ago.","15","228","jueves","jue.","32","33",3,2024 Q3
2024-08-16,66.943000793457,68.0230026245117,66.536003112793,67.4069976806641,35110000,67.4069976806641,"2024","24","08","agosto","ago.","16","229","viernes","vie.","32","33",3,2024 Q3
2024-08-19,67.4069976806641,68.8840026855469,67.2910003662109,68.8529968261719,30162000,68.8529968261719,"2024","24","08","agosto","ago.","19","232","lunes","lun.","33","34",3,2024 Q3
2024-08-20,68.8860015869141,71.1330032348633,68.8249969482422,69.8539962768555,48131000,69.8539962768555,"2024","24","08","agosto","ago.","20","233","martes","mar.","33","34",3,2024 Q3
2024-08-21,69.6999969482422,70.0999984741211,69.1380004882812,69.7119979858398,22353000,69.7119979858398,"2024","24","08","agosto","ago.","21","234","miércoles","mié.","33","34",3,2024 Q3
2024-08-22,69.0999984741211,70.1500015258789,68.6240005493164,68.8960037231445,27294000,68.8960037231445,"2024","24","08","agosto","ago.","22","235","jueves","jue.","33","34",3,2024 Q3
2024-08-23,69.4130020141602,69.6070022583008,67.8629989624023,68.6729965209961,23545000,68.6729965209961,"2024","24","08","agosto","ago.","23","236","viernes","vie.","33","34",3,2024 Q3
2024-08-26,68.7259979248047,69.0589981079102,68.1640014648438,68.8440017700195,13542000,68.8440017700195,"2024","24","08","agosto","ago.","26","239","lunes","lun.","34","35",3,2024 Q3
2024-08-27,68.8529968261719,70.7890014648438,68.6920013427734,69.5719985961914,31649000,69.5719985961914,"2024","24","08","agosto","ago.","27","240","martes","mar.","34","35",3,2024 Q3
2024-08-28,69.5830001831055,69.6669998168945,67.7099990844727,68.3840026855469,24306000,68.3840026855469,"2024","24","08","agosto","ago.","28","241","miércoles","mié.","34","35",3,2024 Q3
2024-08-29,69,69.9800033569336,68.6070022583008,69.2480010986328,21870000,69.2480010986328,"2024","24","08","agosto","ago.","29","242","jueves","jue.","34","35",3,2024 Q3
2024-08-30,70.036003112793,70.1859970092773,68.8160018920898,70.1350021362305,32667000,70.1350021362305,"2024","24","08","agosto","ago.","30","243","viernes","vie.","34","35",3,2024 Q3
2024-09-03,70.0100021362305,70.3860015869141,67.1009979248047,67.5319976806641,31610000,67.5319976806641,"2024","24","09","septiembre","sep.","03","247","martes","mar.","35","36",3,2024 Q3
2024-09-04,67.3310012817383,68.4649963378906,67.3059997558594,67.9680023193359,17853000,67.9680023193359,"2024","24","09","septiembre","sep.","04","248","miércoles","mié.","35","36",3,2024 Q3
2024-09-05,67.3140029907227,68.7310028076172,67.1859970092773,68.3619995117188,18101000,68.3619995117188,"2024","24","09","septiembre","sep.","05","249","jueves","jue.","35","36",3,2024 Q3
2024-09-06,68.1859970092773,68.3150024414062,66.234001159668,66.5770034790039,29913000,66.5770034790039,"2024","24","09","septiembre","sep.","06","250","viernes","vie.","35","36",3,2024 Q3
2024-09-09,67.4000015258789,68.3499984741211,67.213996887207,67.5419998168945,26831000,67.5419998168945,"2024","24","09","septiembre","sep.","09","253","lunes","lun.","36","37",3,2024 Q3
2024-09-10,67.6869964599609,68.0589981079102,66.5810012817383,67.3619995117188,20792000,67.3619995117188,"2024","24","09","septiembre","sep.","10","254","martes","mar.","36","37",3,2024 Q3
2024-09-11,67.7460021972656,68.2969970703125,66.0800018310547,68.1470031738281,23919000,68.1470031738281,"2024","24","09","septiembre","sep.","11","255","miércoles","mié.","36","37",3,2024 Q3
2024-09-12,68.4919967651367,69.4879989624023,68.2200012207031,68.6800003051758,25821000,68.6800003051758,"2024","24","09","septiembre","sep.","12","256","jueves","jue.","36","37",3,2024 Q3
2024-09-13,68.0009994506836,69.963996887207,68,69.7060012817383,22765000,69.7060012817383,"2024","24","09","septiembre","sep.","13","257","viernes","vie.","36","37",3,2024 Q3
2024-09-16,70,70.302001953125,68.8629989624023,69.6500015258789,18437000,69.6500015258789,"2024","24","09","septiembre","sep.","16","260","lunes","lun.","37","38",3,2024 Q3
2024-09-17,70.0820007324219,70.7630004882812,69.8369979858398,70.6910018920898,22986000,70.6910018920898,"2024","24","09","septiembre","sep.","17","261","martes","mar.","37","38",3,2024 Q3
2024-09-18,70.754997253418,70.754997253418,68.8000030517578,69.0469970703125,29844000,69.0469970703125,"2024","24","09","septiembre","sep.","18","262","miércoles","mié.","37","38",3,2024 Q3
2024-09-19,70.5,71.5660018920898,69.5370025634766,70.431999206543,42285000,70.431999206543,"2024","24","09","septiembre","sep.","19","263","jueves","jue.","37","38",3,2024 Q3
2024-09-20,70.5550003051758,70.6669998168945,69.6309967041016,70.1029968261719,39981000,70.1029968261719,"2024","24","09","septiembre","sep.","20","264","viernes","vie.","37","38",3,2024 Q3
2024-09-23,70.2389984130859,71.2249984741211,69.9160003662109,70.5370025634766,32243000,70.5370025634766,"2024","24","09","septiembre","sep.","23","267","lunes","lun.","38","39",3,2024 Q3
2024-09-24,70.6630020141602,72.2440032958984,70.4449996948242,72.2259979248047,35657000,72.2259979248047,"2024","24","09","septiembre","sep.","24","268","martes","mar.","38","39",3,2024 Q3
2024-09-25,72.0999984741211,72.5120010375977,71.6210021972656,72.1559982299805,22598000,72.1559982299805,"2024","24","09","septiembre","sep.","25","269","miércoles","mié.","38","39",3,2024 Q3
2024-09-26,72.4729995727539,72.5260009765625,70.1719970703125,71.1429977416992,28330000,71.1429977416992,"2024","24","09","septiembre","sep.","26","270","jueves","jue.","38","39",3,2024 Q3
2024-09-27,70.8359985351562,71.0709991455078,70.125,70.7350006103516,23956000,70.7350006103516,"2024","24","09","septiembre","sep.","27","271","viernes","vie.","38","39",3,2024 Q3
2024-09-30,70.6999969482422,71.1210021972656,70.2819976806641,70.927001953125,17099000,70.927001953125,"2024","24","09","septiembre","sep.","30","274","lunes","lun.","39","40",3,2024 Q3
2024-10-01,71.3639984130859,71.7760009765625,69.859001159668,70.6129989624023,28135000,70.6129989624023,"2024","24","10","octubre","oct.","01","275","martes","mar.","39","40",4,2024 Q4
2024-10-02,70.6129989624023,71.6210021972656,70.4690017700195,71.109001159668,17582000,71.109001159668,"2024","24","10","octubre","oct.","02","276","miércoles","mié.","39","40",4,2024 Q4
2024-10-03,70.4260025024414,70.8809967041016,70,70.6800003051758,22564000,70.6800003051758,"2024","24","10","octubre","oct.","03","277","jueves","jue.","39","40",4,2024 Q4
2024-10-04,71.3320007324219,72.1009979248047,70.8820037841797,71.9700012207031,22290000,71.9700012207031,"2024","24","10","octubre","oct.","04","278","viernes","vie.","39","40",4,2024 Q4
2024-10-07,71.4759979248047,71.5879974365234,69.6429977416992,70.1920013427734,33605000,70.1920013427734,"2024","24","10","octubre","oct.","07","281","lunes","lun.","40","41",4,2024 Q4
2024-10-08,70.3880004882812,72.5059967041016,70.3550033569336,72.1760025024414,31874000,72.1760025024414,"2024","24","10","octubre","oct.","08","282","martes","mar.","40","41",4,2024 Q4
2024-10-09,71.9250030517578,72.859001159668,71.8870010375977,72.7429962158203,19811000,72.7429962158203,"2024","24","10","octubre","oct.","09","283","miércoles","mié.","40","41",4,2024 Q4
2024-10-10,72.3290023803711,73.3850021362305,72.25,73.0289993286133,27679000,73.0289993286133,"2024","24","10","octubre","oct.","10","284","jueves","jue.","40","41",4,2024 Q4
2024-10-11,73.4899978637695,73.5999984741211,72.1220016479492,72.2789993286133,22995000,72.2789993286133,"2024","24","10","octubre","oct.","11","285","viernes","vie.","40","41",4,2024 Q4
2024-10-14,72.5,72.6620025634766,71.1309967041016,71.3000030517578,27971000,71.3000030517578,"2024","24","10","octubre","oct.","14","288","lunes","lun.","41","42",4,2024 Q4
2024-10-15,71.2509994506836,71.3399963378906,69.9779968261719,70.5979995727539,29328000,70.5979995727539,"2024","24","10","octubre","oct.","15","289","martes","mar.","41","42",4,2024 Q4
2024-10-16,70.3430023193359,70.5589981079102,69.7819976806641,70.1999969482422,24943000,70.1999969482422,"2024","24","10","octubre","oct.","16","290","miércoles","mié.","41","42",4,2024 Q4
2024-10-17,70.4349975585938,70.4410018920898,67.7880020141602,68.7649993896484,89267000,68.7649993896484,"2024","24","10","octubre","oct.","17","291","jueves","jue.","41","42",4,2024 Q4
2024-10-18,73.7639999389648,76.6279983520508,73.6230010986328,76.3889999389648,159741000,76.3889999389648,"2024","24","10","octubre","oct.","18","292","viernes","vie.","41","42",4,2024 Q4
2024-10-21,76.5759963989258,77.3000030517578,75.6600036621094,77.2070007324219,60571000,77.2070007324219,"2024","24","10","octubre","oct.","21","295","lunes","lun.","42","43",4,2024 Q4
2024-10-22,76.5270004272461,76.9700012207031,76.1119995117188,76.4240036010742,29873000,76.4240036010742,"2024","24","10","octubre","oct.","22","296","martes","mar.","42","43",4,2024 Q4
2024-10-23,76.2829971313477,76.3789978027344,74.4260025024414,74.9290008544922,37490000,74.9290008544922,"2024","24","10","octubre","oct.","23","297","miércoles","mié.","42","43",4,2024 Q4
2024-10-24,75.1969985961914,75.5820007324219,74.625,75.4550018310547,26430000,75.4550018310547,"2024","24","10","octubre","oct.","24","298","jueves","jue.","42","43",4,2024 Q4
2024-10-25,75.6169967651367,76.8499984741211,75.3529968261719,75.4680023193359,28195000,75.4680023193359,"2024","24","10","octubre","oct.","25","299","viernes","vie.","42","43",4,2024 Q4
2024-10-28,75.8679962158203,75.8679962158203,74.7880020141602,74.9120025634766,28624000,74.9120025634766,"2024","24","10","octubre","oct.","28","302","lunes","lun.","43","44",4,2024 Q4
2024-10-29,75.1129989624023,76.3880004882812,74.8010025024414,75.9440002441406,36604000,75.9440002441406,"2024","24","10","octubre","oct.","29","303","martes","mar.","43","44",4,2024 Q4
2024-10-30,75.8079986572266,75.9789962768555,75.2279968261719,75.3740005493164,17220000,75.3740005493164,"2024","24","10","octubre","oct.","30","304","miércoles","mié.","43","44",4,2024 Q4
2024-10-31,75.3929977416992,76.0790023803711,75.2229995727539,75.6029968261719,30577000,75.6029968261719,"2024","24","10","octubre","oct.","31","305","jueves","jue.","43","44",4,2024 Q4
2024-11-01,75.3479995727539,76.379997253418,74.7770004272461,75.6100006103516,29968000,75.6100006103516,"2024","24","11","noviembre","nov.","01","306","viernes","vie.","43","44",4,2024 Q4
2024-11-04,75.3140029907227,76.2480010986328,74.9690017700195,75.5510025024414,19022000,75.5510025024414,"2024","24","11","noviembre","nov.","04","309","lunes","lun.","44","45",4,2024 Q4
2024-11-05,75.7350006103516,76.7529983520508,75.6269989013672,76.390998840332,22006000,76.390998840332,"2024","24","11","noviembre","nov.","05","310","martes","mar.","44","45",4,2024 Q4
2024-11-06,77.1500015258789,78.1490020751953,75.7379989624023,78.0210037231445,36908000,78.0210037231445,"2024","24","11","noviembre","nov.","06","311","miércoles","mié.","44","45",4,2024 Q4
2024-11-07,78.1370010375977,79.8219985961914,77.9940032958984,79.6539993286133,32951000,79.6539993286133,"2024","24","11","noviembre","nov.","07","312","jueves","jue.","44","45",4,2024 Q4
2024-11-08,79.7360000610352,79.9059982299805,78.8649978637695,79.5039978027344,19106000,79.5039978027344,"2024","24","11","noviembre","nov.","08","313","viernes","vie.","44","45",4,2024 Q4
2024-11-11,79.5899963378906,80.681999206543,79.556999206543,80.5439987182617,23992000,80.5439987182617,"2024","24","11","noviembre","nov.","11","316","lunes","lun.","45","46",4,2024 Q4
2024-11-12,80.75,82.0370025634766,80.375,81.9499969482422,28141000,81.9499969482422,"2024","24","11","noviembre","nov.","12","317","martes","mar.","45","46",4,2024 Q4
2024-11-13,82.2620010375977,83.6989974975586,82.0540008544922,83.0469970703125,27678000,83.0469970703125,"2024","24","11","noviembre","nov.","13","318","miércoles","mié.","45","46",4,2024 Q4
2024-11-14,83.3669967651367,84.0999984741211,83.0019989013672,83.7259979248047,30382000,83.7259979248047,"2024","24","11","noviembre","nov.","14","319","jueves","jue.","45","46",4,2024 Q4
2024-11-15,83.2040023803711,83.2040023803711,81.6490020751953,82.3960037231445,36737000,82.3960037231445,"2024","24","11","noviembre","nov.","15","320","viernes","vie.","45","46",4,2024 Q4
2024-11-18,81.5500030517578,84.8450012207031,80.9329986572266,84.7050018310547,40812000,84.7050018310547,"2024","24","11","noviembre","nov.","18","323","lunes","lun.","46","47",4,2024 Q4
2024-11-19,83.9749984741211,87.4489974975586,83.9160003662109,87.1320037841797,38142000,87.1320037841797,"2024","24","11","noviembre","nov.","19","324","martes","mar.","46","47",4,2024 Q4
2024-11-20,87.9980010986328,89.0599975585938,86.8399963378906,88.3850021362305,40938000,88.3850021362305,"2024","24","11","noviembre","nov.","20","325","miércoles","mié.","46","47",4,2024 Q4
2024-11-21,88.3929977416992,90.8000030517578,87.7239990234375,89.7480010986328,45113000,89.7480010986328,"2024","24","11","noviembre","nov.","21","326","jueves","jue.","46","47",4,2024 Q4
2024-11-22,89.5999984741211,90.5999984741211,89.3000030517578,89.7789993286133,32140000,89.7789993286133,"2024","24","11","noviembre","nov.","22","327","viernes","vie.","46","47",4,2024 Q4
2024-11-25,90.2050018310547,90.2050018310547,86.4219970703125,86.5589981079102,60142000,86.5589981079102,"2024","24","11","noviembre","nov.","25","330","lunes","lun.","47","48",4,2024 Q4
2024-11-26,86.7490005493164,88.6360015869141,86.7249984741211,87.2600021362305,31383000,87.2600021362305,"2024","24","11","noviembre","nov.","26","331","martes","mar.","47","48",4,2024 Q4
2024-11-27,87.2060012817383,88.0950012207031,85.890998840332,87.734001159668,25782000,87.734001159668,"2024","24","11","noviembre","nov.","27","332","miércoles","mié.","47","48",4,2024 Q4
2024-11-29,88.2170028686523,89.2409973144531,87.6679992675781,88.6809997558594,20272000,88.6809997558594,"2024","24","11","noviembre","nov.","29","334","viernes","vie.","47","48",4,2024 Q4
2024-12-02,88.7509994506836,90.234001159668,88.4120025634766,89.7740020751953,23890000,89.7740020751953,"2024","24","12","diciembre","dic.","02","337","lunes","lun.","48","49",4,2024 Q4
2024-12-03,89.4359970092773,90.2689971923828,88.8030014038086,90.2170028686523,24016000,90.2170028686523,"2024","24","12","diciembre","dic.","03","338","martes","mar.","48","49",4,2024 Q4
2024-12-04,89.8050003051758,91.5970001220703,89.8050003051758,91.1060028076172,26896000,91.1060028076172,"2024","24","12","diciembre","dic.","04","339","miércoles","mié.","48","49",4,2024 Q4
2024-12-05,91.7850036621094,92.6999969482422,91.1110000610352,91.7870025634766,28353000,91.7870025634766,"2024","24","12","diciembre","dic.","05","340","jueves","jue.","48","49",4,2024 Q4
2024-12-06,91.5230026245117,93.5270004272461,91.2710037231445,93.4739990234375,29554000,93.4739990234375,"2024","24","12","diciembre","dic.","06","341","viernes","vie.","48","49",4,2024 Q4
2024-12-09,92.8000030517578,93.0299987792969,90.2590026855469,91.3690032958984,33501000,91.3690032958984,"2024","24","12","diciembre","dic.","09","344","lunes","lun.","49","50",4,2024 Q4
2024-12-10,91.3759994506836,92.2880020141602,90.9580001831055,91.3349990844727,23886000,91.3349990844727,"2024","24","12","diciembre","dic.","10","345","martes","mar.","49","50",4,2024 Q4
2024-12-11,92.4710006713867,94.1750030517578,92.3079986572266,93.6559982299805,35017000,93.6559982299805,"2024","24","12","diciembre","dic.","11","346","miércoles","mié.","49","50",4,2024 Q4
2024-12-12,93.3349990844727,93.4089965820312,92.2600021362305,92.5550003051758,24862000,92.5550003051758,"2024","24","12","diciembre","dic.","12","347","jueves","jue.","49","50",4,2024 Q4
2024-12-13,91.6809997558594,92.5550003051758,90.9609985351562,91.8870010375977,24858000,91.8870010375977,"2024","24","12","diciembre","dic.","13","348","viernes","vie.","49","50",4,2024 Q4
2024-12-16,92.3939971923828,92.8939971923828,91.9499969482422,92.1080017089844,26749000,92.1080017089844,"2024","24","12","diciembre","dic.","16","351","lunes","lun.","50","51",4,2024 Q4
2024-12-17,92.1539993286133,92.8450012207031,91.6419982910156,91.9130020141602,24595000,91.9130020141602,"2024","24","12","diciembre","dic.","17","352","martes","mar.","50","51",4,2024 Q4
2024-12-18,91.9130020141602,92.2440032958984,88.6559982299805,88.9550018310547,29382000,88.9550018310547,"2024","24","12","diciembre","dic.","18","353","miércoles","mié.","50","51",4,2024 Q4
2024-12-19,90.818000793457,91.2620010375977,89.9000015258789,90.2040023803711,28155000,90.2040023803711,"2024","24","12","diciembre","dic.","19","354","jueves","jue.","50","51",4,2024 Q4
2024-12-20,89.3209991455078,91.9919967651367,89.0490036010742,90.9049987792969,45305000,90.9049987792969,"2024","24","12","diciembre","dic.","20","355","viernes","vie.","50","51",4,2024 Q4
2024-12-23,91.3420028686523,91.5,89.9100036621094,91.1449966430664,23394000,91.1449966430664,"2024","24","12","diciembre","dic.","23","358","lunes","lun.","51","52",4,2024 Q4
2024-12-24,91.5,93.5849990844727,91.1699981689453,93.2119979858398,23203000,93.2119979858398,"2024","24","12","diciembre","dic.","24","359","martes","mar.","51","52",4,2024 Q4
2024-12-26,92.8399963378906,93.0490036010742,91.5299987792969,92.4140014648438,23403000,92.4140014648438,"2024","24","12","diciembre","dic.","26","361","jueves","jue.","51","52",4,2024 Q4
2024-12-27,91.6009979248047,91.8130035400391,89.4499969482422,90.754997253418,32262000,90.754997253418,"2024","24","12","diciembre","dic.","27","362","viernes","vie.","51","52",4,2024 Q4
2024-12-30,89.4509963989258,90.822998046875,88.9710006713867,90.0429992675781,22030000,90.0429992675781,"2024","24","12","diciembre","dic.","30","365","lunes","lun.","52","53",4,2024 Q4
2024-12-31,90.1800003051758,90.2679977416992,88.9469985961914,89.1320037841797,18759000,89.1320037841797,"2024","24","12","diciembre","dic.","31","366","martes","mar.","52","53",4,2024 Q4
2025-01-02,89.5500030517578,89.8580017089844,87.6999969482422,88.6729965209961,23123000,88.6729965209961,"2025","25","01","enero","ene.","02","002","jueves","jue.","00","00",1,2025 Q1
2025-01-03,89.3130035400391,89.8830032348633,87.9889984130859,88.1050033569336,29673000,88.1050033569336,"2025","25","01","enero","ene.","03","003","viernes","vie.","00","00",1,2025 Q1
2025-01-06,88.8759994506836,89.2829971313477,87.1689987182617,88.1790008544922,34577000,88.1790008544922,"2025","25","01","enero","ene.","06","006","lunes","lun.","01","01",1,2025 Q1
2025-01-07,87.9380035400391,88.8000030517578,86.911003112793,87.9189987182617,26498000,87.9189987182617,"2025","25","01","enero","ene.","07","007","martes","mar.","01","01",1,2025 Q1
2025-01-08,88,88.6220016479492,87.3000030517578,87.5,23479000,87.5,"2025","25","01","enero","ene.","08","008","miércoles","mié.","01","01",1,2025 Q1
2025-01-10,86.6399993896484,86.640998840332,83.4400024414062,83.7689971923828,48033000,83.7689971923828,"2025","25","01","enero","ene.","10","010","viernes","vie.","01","01",1,2025 Q1
2025-01-13,83.1529998779297,84.7070007324219,82.9140014648438,84.0289993286133,30245000,84.0289993286133,"2025","25","01","enero","ene.","13","013","lunes","lun.","02","02",1,2025 Q1
2025-01-14,84.3199996948242,84.4889984130859,82.3519973754883,82.8399963378906,30377000,82.8399963378906,"2025","25","01","enero","ene.","14","014","martes","mar.","02","02",1,2025 Q1
2025-01-15,83.6439971923828,85.0839996337891,83.0410003662109,84.8259963989258,31814000,84.8259963989258,"2025","25","01","enero","ene.","15","015","miércoles","mié.","02","02",1,2025 Q1
2025-01-16,86.0960006713867,86.8980026245117,84.2020034790039,84.2369995117188,40285000,84.2369995117188,"2025","25","01","enero","ene.","16","016","jueves","jue.","02","02",1,2025 Q1
2025-01-17,85.9789962768555,86.5,85.2129974365234,85.8099975585938,36176000,85.8099975585938,"2025","25","01","enero","ene.","17","017","viernes","vie.","02","02",1,2025 Q1
2025-01-21,86.3529968261719,91.6399993896484,85.4749984741211,86.9680023193359,98514000,86.9680023193359,"2025","25","01","enero","ene.","21","021","martes","mar.","03","03",1,2025 Q1
2025-01-22,99.8030014038086,99.9000015258789,95.0759963989258,95.3990020751953,142732000,95.3990020751953,"2025","25","01","enero","ene.","22","022","miércoles","mié.","03","03",1,2025 Q1
2025-01-23,95.7809982299805,98.5,95.3899993896484,98.4860000610352,77521000,98.4860000610352,"2025","25","01","enero","ene.","23","023","jueves","jue.","03","03",1,2025 Q1
2025-01-24,98.4410018920898,98.6279983520508,96.7679977416992,97.7590026855469,45504000,97.7590026855469,"2025","25","01","enero","ene.","24","024","viernes","vie.","03","03",1,2025 Q1
2025-01-27,97.1100006103516,98.2269973754883,96.0260009765625,97.1890029907227,46342000,97.1890029907227,"2025","25","01","enero","ene.","27","027","lunes","lun.","04","04",1,2025 Q1
2025-01-28,96.6709976196289,97.7929992675781,95.7300033569336,97.1829986572266,34340000,97.1829986572266,"2025","25","01","enero","ene.","28","028","martes","mar.","04","04",1,2025 Q1
2025-01-29,98,98.7639999389648,96.822998046875,97.8150024414062,29307000,97.8150024414062,"2025","25","01","enero","ene.","29","029","miércoles","mié.","04","04",1,2025 Q1
2025-01-30,98.6750030517578,99.4589996337891,97.0009994506836,97.3239974975586,38678000,97.3239974975586,"2025","25","01","enero","ene.","30","030","jueves","jue.","04","04",1,2025 Q1
2025-01-31,97.4000015258789,99.0289993286133,97.4000015258789,97.6760025024414,36151000,97.6760025024414,"2025","25","01","enero","ene.","31","031","viernes","vie.","04","04",1,2025 Q1
2025-02-03,97.3000030517578,98.7689971923828,96.4380035400391,97.8939971923828,37242000,97.8939971923828,"2025","25","02","febrero","feb.","03","034","lunes","lun.","05","05",1,2025 Q1
2025-02-04,98.0469970703125,100.800003051758,97.8509979248047,99.4869995117188,60001000,99.4869995117188,"2025","25","02","febrero","feb.","04","035","martes","mar.","05","05",1,2025 Q1
2025-02-05,98.7730026245117,101.182998657227,98.6679992675781,101.111000061035,39934000,101.111000061035,"2025","25","02","febrero","feb.","05","036","miércoles","mié.","05","05",1,2025 Q1
2025-02-06,100.787002563477,101.63500213623,100.261001586914,101.568000793457,31343000,101.568000793457,"2025","25","02","febrero","feb.","06","037","jueves","jue.","05","05",1,2025 Q1
2025-02-07,101.699996948242,102.776000976562,100.567001342773,101.392997741699,32129000,101.392997741699,"2025","25","02","febrero","feb.","07","038","viernes","vie.","05","05",1,2025 Q1
2025-02-10,102.305000305176,103.285003662109,101.587997436523,102.76000213623,32966000,102.76000213623,"2025","25","02","febrero","feb.","10","041","lunes","lun.","06","06",1,2025 Q1
2025-02-11,102.079002380371,102.268997192383,100.294998168945,100.807998657227,33318000,100.807998657227,"2025","25","02","febrero","feb.","11","042","martes","mar.","06","06",1,2025 Q1
2025-02-12,100.549003601074,102.774002075195,99.8349990844727,102.731002807617,33890000,102.731002807617,"2025","25","02","febrero","feb.","12","043","miércoles","mié.","06","06",1,2025 Q1
2025-02-13,102.66300201416,104.598999023438,102.51000213623,104.369003295898,34761000,104.369003295898,"2025","25","02","febrero","feb.","13","044","jueves","jue.","06","06",1,2025 Q1
2025-02-14,104.495002746582,106.449996948242,104.168998718262,105.860000610352,31454000,105.860000610352,"2025","25","02","febrero","feb.","14","045","viernes","vie.","06","06",1,2025 Q1
2025-02-18,106,106.199996948242,102.375,103.584999084473,42293000,103.584999084473,"2025","25","02","febrero","feb.","18","049","martes","mar.","07","07",1,2025 Q1
2025-02-19,103.517997741699,104.5,102.450996398926,104.333000183105,2.6e+07,104.333000183105,"2025","25","02","febrero","feb.","19","050","miércoles","mié.","07","07",1,2025 Q1
2025-02-20,104.199996948242,104.5,101.55899810791,102.454002380371,31118000,102.454002380371,"2025","25","02","febrero","feb.","20","051","jueves","jue.","07","07",1,2025 Q1
2025-02-21,102.942001342773,103.237998962402,99.9390029907227,100.315002441406,37387000,100.315002441406,"2025","25","02","febrero","feb.","21","052","viernes","vie.","07","07",1,2025 Q1
2025-02-24,100.800003051758,101.516998291016,98.447998046875,98.8470001220703,44262000,98.8470001220703,"2025","25","02","febrero","feb.","24","055","lunes","lun.","08","08",1,2025 Q1
2025-02-25,98.9400024414062,99.4400024414062,95.5,97.7239990234375,47383000,97.7239990234375,"2025","25","02","febrero","feb.","25","056","martes","mar.","08","08",1,2025 Q1
2025-02-26,97.7600021362305,100.088996887207,97.6900024414062,99.0059967041016,33972000,99.0059967041016,"2025","25","02","febrero","feb.","26","057","miércoles","mié.","08","08",1,2025 Q1
2025-02-27,99.5,100.072998046875,96.1829986572266,96.306999206543,37666000,96.306999206543,"2025","25","02","febrero","feb.","27","058","jueves","jue.","08","08",1,2025 Q1
2025-02-28,96.9560012817383,98.2269973754883,95.8170013427734,98.0559997558594,47174000,98.0559997558594,"2025","25","02","febrero","feb.","28","059","viernes","vie.","08","08",1,2025 Q1
2025-03-03,98.3000030517578,99.4929962158203,96.4810028076172,97.370002746582,39074000,97.370002746582,"2025","25","03","marzo","mar.","03","062","lunes","lun.","09","09",1,2025 Q1
2025-03-04,97.161003112793,98.6309967041016,94.8209991455078,97.2580032348633,43928000,97.2580032348633,"2025","25","03","marzo","mar.","04","063","martes","mar.","09","09",1,2025 Q1
2025-03-05,97.3619995117188,99.5599975585938,96.947998046875,99.0920028686523,38079000,99.0920028686523,"2025","25","03","marzo","mar.","05","064","miércoles","mié.","09","09",1,2025 Q1
2025-03-06,97.2990036010742,97.3690032958984,89.9000015258789,90.6360015869141,78526000,90.6360015869141,"2025","25","03","marzo","mar.","06","065","jueves","jue.","09","09",1,2025 Q1
2025-03-07,89.7639999389648,90.4889984130859,85.806999206543,89.1110000610352,77375000,89.1110000610352,"2025","25","03","marzo","mar.","07","066","viernes","vie.","09","09",1,2025 Q1
2025-03-10,87.5070037841797,88.1269989013672,85.4499969482422,86.6679992675781,69953000,86.6679992675781,"2025","25","03","marzo","mar.","10","069","lunes","lun.","10","10",1,2025 Q1
2025-03-11,86.7409973144531,91.068000793457,86.5999984741211,89.5100021362305,73989000,89.5100021362305,"2025","25","03","marzo","mar.","11","070","martes","mar.","10","10",1,2025 Q1
2025-03-12,91.4599990844727,92.7180023193359,90.0999984741211,91.9680023193359,68658000,91.9680023193359,"2025","25","03","marzo","mar.","12","071","miércoles","mié.","10","10",1,2025 Q1
2025-03-13,91.3000030517578,92.1890029907227,88.7509994506836,89.0169982910156,50017000,89.0169982910156,"2025","25","03","marzo","mar.","13","072","jueves","jue.","10","10",1,2025 Q1
2025-03-14,90.1460037231445,91.9629974365234,90.0999984741211,91.8000030517578,52007000,91.8000030517578,"2025","25","03","marzo","mar.","14","073","viernes","vie.","10","10",1,2025 Q1
2025-03-17,93.995002746582,96.7630004882812,93.4420013427734,95.0019989013672,75431000,95.0019989013672,"2025","25","03","marzo","mar.","17","076","lunes","lun.","11","11",1,2025 Q1
2025-03-18,94,94.8249969482422,91.629997253418,92.9980010986328,60094000,92.9980010986328,"2025","25","03","marzo","mar.","18","077","martes","mar.","11","11",1,2025 Q1
2025-03-19,93.5770034790039,96.8000030517578,92.4000015258789,95.9489974975586,66624000,95.9489974975586,"2025","25","03","marzo","mar.","19","078","miércoles","mié.","11","11",1,2025 Q1
2025-03-20,95.0009994506836,96.6999969482422,94.5500030517578,95.0839996337891,44663000,95.0839996337891,"2025","25","03","marzo","mar.","20","079","jueves","jue.","11","11",1,2025 Q1
2025-03-21,94.1640014648438,96.3649978637695,94.0950012207031,96.0289993286133,59054000,96.0289993286133,"2025","25","03","marzo","mar.","21","080","viernes","vie.","11","11",1,2025 Q1
2025-03-24,96.9670028686523,97.6999969482422,95.1549987792969,97.1989974975586,46779000,97.1989974975586,"2025","25","03","marzo","mar.","24","083","lunes","lun.","12","12",1,2025 Q1
2025-03-25,97.818000793457,99.870002746582,97.7109985351562,99.7279968261719,37822000,99.7279968261719,"2025","25","03","marzo","mar.","25","084","martes","mar.","12","12",1,2025 Q1
2025-03-26,99.3809967041016,99.6790008544922,96.6320037841797,97.0650024414062,35274000,97.0650024414062,"2025","25","03","marzo","mar.","26","085","miércoles","mié.","12","12",1,2025 Q1
2025-03-27,97.4219970703125,98.9000015258789,96.6370010375977,97.6719970703125,30472000,97.6719970703125,"2025","25","03","marzo","mar.","27","086","jueves","jue.","12","12",1,2025 Q1
2025-03-28,97.1999969482422,97.4980010986328,92.9229965209961,93.3850021362305,44227000,93.3850021362305,"2025","25","03","marzo","mar.","28","087","viernes","vie.","12","12",1,2025 Q1
2025-03-31,92.0530014038086,93.447998046875,90.0589981079102,93.2529983520508,46341000,93.2529983520508,"2025","25","03","marzo","mar.","31","090","lunes","lun.","13","13",1,2025 Q1
2025-04-01,92.75,93.2289962768555,91.1500015258789,92.8379974365234,35200000,92.8379974365234,"2025","25","04","abril","abr.","01","091","martes","mar.","13","13",2,2025 Q2
2025-04-02,92.3000030517578,94.9550018310547,91.6110000610352,93.552001953125,32569000,93.552001953125,"2025","25","04","abril","abr.","02","092","miércoles","mié.","13","13",2,2025 Q2
2025-04-03,90.1800003051758,94.6589965820312,90.0469970703125,91.7050018310547,58646000,91.7050018310547,"2025","25","04","abril","abr.","03","093","jueves","jue.","13","13",2,2025 Q2
2025-04-04,89.6500015258789,90.6630020141602,85.3870010375977,85.5859985351562,67988000,85.5859985351562,"2025","25","04","abril","abr.","04","094","viernes","vie.","13","13",2,2025 Q2
2025-04-07,82.7850036621094,90.6740036010742,82.1100006103516,86.7829971313477,66568000,86.7829971313477,"2025","25","04","abril","abr.","07","097","lunes","lun.","14","14",2,2025 Q2
2025-04-08,91.2440032958984,92.2419967651367,85.7699966430664,87.0400009155273,56254000,87.0400009155273,"2025","25","04","abril","abr.","08","098","martes","mar.","14","14",2,2025 Q2
2025-04-09,85.5930023193359,95.1429977416992,85.4400024414062,94.5469970703125,74980000,94.5469970703125,"2025","25","04","abril","abr.","09","099","miércoles","mié.","14","14",2,2025 Q2
2025-04-10,93.1940002441406,94.1240005493164,89.4000015258789,92.1169967651367,51298000,92.1169967651367,"2025","25","04","abril","abr.","10","100","jueves","jue.","14","14",2,2025 Q2
2025-04-11,92,94.4860000610352,90.6679992675781,91.8290023803711,40736000,91.8290023803711,"2025","25","04","abril","abr.","11","101","viernes","vie.","14","14",2,2025 Q2
2025-04-14,93.2699966430664,94.8980026245117,91.9499969482422,93.1279983520508,40359000,93.1279983520508,"2025","25","04","abril","abr.","14","104","lunes","lun.","15","15",2,2025 Q2
2025-04-15,95,99.3450012207031,94.8000030517578,97.6279983520508,77120000,97.6279983520508,"2025","25","04","abril","abr.","15","105","martes","mar.","15","15",2,2025 Q2
2025-04-16,97.6279983520508,98.1210021972656,94.9169998168945,96.1630020141602,60661000,96.1630020141602,"2025","25","04","abril","abr.","16","106","miércoles","mié.","15","15",2,2025 Q2
2025-04-17,96.9000015258789,98.4700012207031,95.5999984741211,97.3030014038086,88937000,97.3030014038086,"2025","25","04","abril","abr.","17","107","jueves","jue.","15","15",2,2025 Q2
2025-04-21,98.4400024414062,101.900001525879,97.3050003051758,98.7910003662109,97757000,98.7910003662109,"2025","25","04","abril","abr.","21","111","lunes","lun.","16","16",2,2025 Q2
2025-04-22,100.529998779297,106.497001647949,100.452003479004,104.033996582031,93689000,104.033996582031,"2025","25","04","abril","abr.","22","112","martes","mar.","16","16",2,2025 Q2
2025-04-23,104.72200012207,106.125,103.199996948242,104.958999633789,64719000,104.958999633789,"2025","25","04","abril","abr.","23","113","miércoles","mié.","16","16",2,2025 Q2
2025-04-24,104.800003051758,110.099998474121,104.702003479004,109.686996459961,63819000,109.686996459961,"2025","25","04","abril","abr.","24","114","jueves","jue.","16","16",2,2025 Q2
2025-04-25,109.704002380371,110.680000305176,109.099998474121,110.15299987793,39500000,110.15299987793,"2025","25","04","abril","abr.","25","115","viernes","vie.","16","16",2,2025 Q2
2025-04-28,110,111.400001525879,108.262001037598,111.03800201416,38311000,111.03800201416,"2025","25","04","abril","abr.","28","118","lunes","lun.","17","17",2,2025 Q2
2025-04-29,110.391998291016,112.78099822998,109.547996520996,112.564002990723,37773000,112.564002990723,"2025","25","04","abril","abr.","29","119","martes","mar.","17","17",2,2025 Q2
2025-04-30,111.264999389648,113.319999694824,110.111000061035,113.171997070312,42667000,113.171997070312,"2025","25","04","abril","abr.","30","120","miércoles","mié.","17","17",2,2025 Q2
2025-05-01,112.251998901367,114.241996765137,111.182998657227,113.34700012207,34995000,113.34700012207,"2025","25","05","mayo","may.","01","121","jueves","jue.","17","17",2,2025 Q2
2025-05-02,113.666000366211,115.944000244141,113.332000732422,115.649002075195,37743000,115.649002075195,"2025","25","05","mayo","may.","02","122","viernes","vie.","17","17",2,2025 Q2
2025-05-05,111.480003356934,114.402000427246,110.700996398926,113.40599822998,56623000,113.40599822998,"2025","25","05","mayo","may.","05","125","lunes","lun.","18","18",2,2025 Q2
2025-05-06,112.943000793457,114.765998840332,112.639999389648,113.768997192383,32567000,113.768997192383,"2025","25","05","mayo","may.","06","126","martes","mar.","18","18",2,2025 Q2
2025-05-07,113.917999267578,116.400001525879,113.800003051758,115.541000366211,43497000,115.541000366211,"2025","25","05","mayo","may.","07","127","miércoles","mié.","18","18",2,2025 Q2
2025-05-08,116.162002563477,116.228996276855,113.919998168945,114.443000793457,37609000,114.443000793457,"2025","25","05","mayo","may.","08","128","jueves","jue.","18","18",2,2025 Q2
2025-05-09,114.709999084473,115.099998474121,113.321998596191,114.022003173828,25696000,114.022003173828,"2025","25","05","mayo","may.","09","129","viernes","vie.","18","18",2,2025 Q2
2025-05-12,112.426002502441,113,110.292999267578,111,64791000,111,"2025","25","05","mayo","may.","12","132","lunes","lun.","19","19",2,2025 Q2
2025-05-13,111.445999145508,114.78800201416,110.629997253418,113.84400177002,39979000,113.84400177002,"2025","25","05","mayo","may.","13","133","martes","mar.","19","19",2,2025 Q2
2025-05-14,112.959999084473,115.290000915527,112.839996337891,115.098999023438,39101000,115.098999023438,"2025","25","05","mayo","may.","14","134","miércoles","mié.","19","19",2,2025 Q2
2025-05-15,114.774002075195,118.779998779297,114.764999389648,117.797996520996,44640000,117.797996520996,"2025","25","05","mayo","may.","15","135","jueves","jue.","19","19",2,2025 Q2
2025-05-16,119.314002990723,119.650001525879,117.939002990723,119.15299987793,46984000,119.15299987793,"2025","25","05","mayo","may.","16","136","viernes","vie.","19","19",2,2025 Q2
2025-05-19,117.358001708984,119.164001464844,117.170997619629,119.164001464844,28534000,119.164001464844,"2025","25","05","mayo","may.","19","139","lunes","lun.","20","20",2,2025 Q2
2025-05-20,118.679000854492,119.300003051758,117.902000427246,119.202003479004,21331000,119.202003479004,"2025","25","05","mayo","may.","20","140","martes","mar.","20","20",2,2025 Q2
2025-05-21,118.650001525879,121.122001647949,118.650001525879,119.462997436523,29766000,119.462997436523,"2025","25","05","mayo","may.","21","141","miércoles","mié.","20","20",2,2025 Q2
2025-05-22,119.23999786377,119.875,118.721000671387,118.796997070312,18616000,118.796997070312,"2025","25","05","mayo","may.","22","142","jueves","jue.","20","20",2,2025 Q2
2025-05-23,118.400001525879,119.144996643066,117.944000244141,118.539001464844,21865000,118.539001464844,"2025","25","05","mayo","may.","23","143","viernes","vie.","20","20",2,2025 Q2
2025-05-27,119.532997131348,121.177001953125,119.30899810791,121.156997680664,29205000,121.156997680664,"2025","25","05","mayo","may.","27","147","martes","mar.","21","21",2,2025 Q2
2025-05-28,121.027000427246,121.591003417969,120.601997375488,120.855003356934,18559000,120.855003356934,"2025","25","05","mayo","may.","28","148","miércoles","mié.","21","21",2,2025 Q2
2025-05-29,120.800003051758,120.900001525879,117.627998352051,118.486000061035,33007000,118.486000061035,"2025","25","05","mayo","may.","29","149","jueves","jue.","21","21",2,2025 Q2
2025-05-30,119.833000183105,121.180999755859,118.093002319336,120.722999572754,46968000,120.722999572754,"2025","25","05","mayo","may.","30","150","viernes","vie.","21","21",2,2025 Q2
2025-06-02,120.120002746582,121.940002441406,119.625,121.898002624512,22942000,121.898002624512,"2025","25","06","junio","jun.","02","153","lunes","lun.","22","22",2,2025 Q2
2025-06-03,121.986999511719,122.957000732422,121.11799621582,121.793998718262,23638000,121.793998718262,"2025","25","06","junio","jun.","03","154","martes","mar.","22","22",2,2025 Q2
2025-06-04,122.072998046875,124.255996704102,121.987998962402,123.966003417969,23594000,123.966003417969,"2025","25","06","junio","jun.","04","155","miércoles","mié.","22","22",2,2025 Q2
2025-06-05,124.059997558594,126.28099822998,123.728996276855,125.052001953125,28172000,125.052001953125,"2025","25","06","junio","jun.","05","156","jueves","jue.","22","22",2,2025 Q2
2025-06-06,125.94100189209,126,123.555000305176,124.147003173828,25570000,124.147003173828,"2025","25","06","junio","jun.","06","157","viernes","vie.","22","22",2,2025 Q2
2025-06-09,123.888000488281,123.888000488281,122.156997680664,122.445999145508,24031000,122.445999145508,"2025","25","06","junio","jun.","09","160","lunes","lun.","23","23",2,2025 Q2
2025-06-10,122.751998901367,122.751998901367,118.060997009277,120.361999511719,44544000,120.361999511719,"2025","25","06","junio","jun.","10","161","martes","mar.","23","23",2,2025 Q2
2025-06-11,120.26000213623,122.829002380371,119.600997924805,121.987998962402,23823000,121.987998962402,"2025","25","06","junio","jun.","11","162","miércoles","mié.","23","23",2,2025 Q2
2025-06-12,122.259002685547,123,121.195999145508,121.502998352051,20846000,121.502998352051,"2025","25","06","junio","jun.","12","163","jueves","jue.","23","23",2,2025 Q2
2025-06-13,120.658996582031,122.061996459961,120.189002990723,121.214996337891,22103000,121.214996337891,"2025","25","06","junio","jun.","13","164","viernes","vie.","23","23",2,2025 Q2
2025-06-16,121.220001220703,122.625,121.220001220703,122.535003662109,21128000,122.535003662109,"2025","25","06","junio","jun.","16","167","lunes","lun.","24","24",2,2025 Q2
2025-06-17,121.995002746582,123.236000061035,121.609001159668,122.067001342773,18921000,122.067001342773,"2025","25","06","junio","jun.","17","168","martes","mar.","24","24",2,2025 Q2
2025-06-18,122.999000549316,124.199996948242,122.050003051758,122.228996276855,22810000,122.228996276855,"2025","25","06","junio","jun.","18","169","miércoles","mié.","24","24",2,2025 Q2
2025-06-20,123.444999694824,124.849998474121,122.434997558594,123.140998840332,53482000,123.140998840332,"2025","25","06","junio","jun.","20","171","viernes","vie.","24","24",2,2025 Q2
2025-06-23,123.803001403809,125.484001159668,121.500999450684,125.353996276855,26673000,125.353996276855,"2025","25","06","junio","jun.","23","174","lunes","lun.","25","25",2,2025 Q2
2025-06-24,126.055000305176,128.25700378418,125.5,127.911003112793,26633000,127.911003112793,"2025","25","06","junio","jun.","24","175","martes","mar.","25","25",2,2025 Q2
2025-06-25,128.684005737305,129.800003051758,127.380996704102,127.525001525879,21465000,127.525001525879,"2025","25","06","junio","jun.","25","176","miércoles","mié.","25","25",2,2025 Q2
2025-06-26,128,130.733993530273,128,130.667007446289,26059000,130.667007446289,"2025","25","06","junio","jun.","26","177","jueves","jue.","25","25",2,2025 Q2
2025-06-27,130.688003540039,133.134994506836,130.100006103516,132.311996459961,40709000,132.311996459961,"2025","25","06","junio","jun.","27","178","viernes","vie.","25","25",2,2025 Q2
2025-06-30,133.100006103516,134.115005493164,132.121002197266,133.912994384766,32829000,133.912994384766,"2025","25","06","junio","jun.","30","181","lunes","lun.","26","26",2,2025 Q2
2025-07-01,133.822998046875,133.876998901367,128.22200012207,129.360000610352,49936000,129.360000610352,"2025","25","07","julio","jul.","01","182","martes","mar.","26","26",3,2025 Q3
2025-07-02,129.695999145508,129.994995117188,127.158996582031,128.485992431641,30488000,128.485992431641,"2025","25","07","julio","jul.","02","183","miércoles","mié.","26","26",3,2025 Q3
2025-07-03,129.199996948242,130.225997924805,127.975997924805,129.718002319336,20062000,129.718002319336,"2025","25","07","julio","jul.","03","184","jueves","jue.","26","26",3,2025 Q3
2025-07-07,129.5,129.5,127.601997375488,128.962005615234,22737000,128.962005615234,"2025","25","07","julio","jul.","07","188","lunes","lun.","27","27",3,2025 Q3
2025-07-08,129.089996337891,129.324996948242,126,127.53099822998,32925000,127.53099822998,"2025","25","07","julio","jul.","08","189","martes","mar.","27","27",3,2025 Q3
2025-07-09,127.399002075195,128.828994750977,126.624000549316,128.828002929688,23845000,128.828002929688,"2025","25","07","julio","jul.","09","190","miércoles","mié.","27","27",3,2025 Q3
2025-07-10,128.550003051758,128.960006713867,124.600997924805,125.05899810791,42308000,125.05899810791,"2025","25","07","julio","jul.","10","191","jueves","jue.","27","27",3,2025 Q3
2025-07-11,125.978996276855,126.099998474121,123.129997253418,124.511001586914,39572000,124.511001586914,"2025","25","07","julio","jul.","11","192","viernes","vie.","27","27",3,2025 Q3
2025-07-14,124.490997314453,127.049003601074,124,126.194999694824,27810000,126.194999694824,"2025","25","07","julio","jul.","14","195","lunes","lun.","28","28",3,2025 Q3
2025-07-15,126.199996948242,127.122001647949,124.323997497559,126.027000427246,28017000,126.027000427246,"2025","25","07","julio","jul.","15","196","martes","mar.","28","28",3,2025 Q3
2025-07-16,126.170997619629,127.099998474121,124.982002258301,125.03099822998,32270000,125.03099822998,"2025","25","07","julio","jul.","16","197","miércoles","mié.","28","28",3,2025 Q3
2025-07-17,125.300003051758,127.75,124.480003356934,127.416999816895,64699000,127.416999816895,"2025","25","07","julio","jul.","17","198","jueves","jue.","28","28",3,2025 Q3
2025-07-18,124.195999145508,124.650001525879,120.100997924805,120.924003601074,106933000,120.924003601074,"2025","25","07","julio","jul.","18","199","viernes","vie.","28","28",3,2025 Q3
2025-07-21,120.599998474121,123.709999084473,119.800003051758,123.327003479004,56276000,123.327003479004,"2025","25","07","julio","jul.","21","202","lunes","lun.","29","29",3,2025 Q3
2025-07-22,123.03800201416,123.236999511719,118.75,119.008003234863,50630000,119.008003234863,"2025","25","07","julio","jul.","22","203","martes","mar.","29","29",3,2025 Q3
2025-07-23,118.981002807617,119.262001037598,117.360000610352,117.678001403809,45043000,117.678001403809,"2025","25","07","julio","jul.","23","204","miércoles","mié.","29","29",3,2025 Q3
2025-07-24,117.779998779297,118.349998474121,116.265998840332,118.075996398926,38456000,118.075996398926,"2025","25","07","julio","jul.","24","205","jueves","jue.","29","29",3,2025 Q3
2025-07-25,117.842002868652,118.732002258301,117.438003540039,118.049003601074,26293000,118.049003601074,"2025","25","07","julio","jul.","25","206","viernes","vie.","29","29",3,2025 Q3
2025-07-28,118.120002746582,119.778999328613,116.852996826172,117.459999084473,34470000,117.459999084473,"2025","25","07","julio","jul.","28","209","lunes","lun.","30","30",3,2025 Q3
2025-07-29,117.900001525879,117.959999084473,116.329002380371,116.874000549316,27525000,116.874000549316,"2025","25","07","julio","jul.","29","210","martes","mar.","30","30",3,2025 Q3
2025-07-30,116.855003356934,118.485000610352,116.610000610352,118.419998168945,29227000,118.419998168945,"2025","25","07","julio","jul.","30","211","miércoles","mié.","30","30",3,2025 Q3
2025-07-31,118.480003356934,119,115.774002075195,115.940002441406,37129000,115.940002441406,"2025","25","07","julio","jul.","31","212","jueves","jue.","30","30",3,2025 Q3
2025-08-01,116.301002502441,117.850997924805,115.285003662109,115.860000610352,38910000,115.860000610352,"2025","25","08","agosto","ago.","01","213","viernes","vie.","30","30",3,2025 Q3
2025-08-04,116.764999389648,117.699996948242,116.262001037598,117.098999023438,22447000,117.098999023438,"2025","25","08","agosto","ago.","04","216","lunes","lun.","31","31",3,2025 Q3
2025-08-05,117.099998474121,117.170997619629,114.471000671387,114.787002563477,26607000,114.787002563477,"2025","25","08","agosto","ago.","05","217","martes","mar.","31","31",3,2025 Q3
2025-08-06,115.351997375488,118.138000488281,115.186996459961,117.847999572754,33622000,117.847999572754,"2025","25","08","agosto","ago.","06","218","miércoles","mié.","31","31",3,2025 Q3
2025-08-07,118.176002502441,119.122001647949,116.819999694824,118.037002563477,26283000,118.037002563477,"2025","25","08","agosto","ago.","07","219","jueves","jue.","31","31",3,2025 Q3
2025-08-08,118.319000244141,121.411003112793,118.037002563477,121.164001464844,38167000,121.164001464844,"2025","25","08","agosto","ago.","08","220","viernes","vie.","31","31",3,2025 Q3
2025-08-11,121.401000976562,122.306999206543,120.193000793457,121.831001281738,24556000,121.831001281738,"2025","25","08","agosto","ago.","11","223","lunes","lun.","32","32",3,2025 Q3
2025-08-12,122.5,123.198997497559,120.651000976562,122.52799987793,22788000,122.52799987793,"2025","25","08","agosto","ago.","12","224","martes","mar.","32","32",3,2025 Q3
2025-08-13,123.400001525879,123.71199798584,120.300003051758,120.444000244141,27624000,120.444000244141,"2025","25","08","agosto","ago.","13","225","miércoles","mié.","32","32",3,2025 Q3
2025-08-14,120.988998413086,124.408996582031,120.703002929688,123.055999755859,39047000,123.055999755859,"2025","25","08","agosto","ago.","14","226","jueves","jue.","32","32",3,2025 Q3
2025-08-15,123.403999328613,124.694000244141,122.78800201416,123.894996643066,27678000,123.894996643066,"2025","25","08","agosto","ago.","15","227","viernes","vie.","32","32",3,2025 Q3
2025-08-18,123.563003540039,125.115997314453,123.544998168945,124.509002685547,21111000,124.509002685547,"2025","25","08","agosto","ago.","18","230","lunes","lun.","33","33",3,2025 Q3
2025-08-19,124.019996643066,124.099998474121,119.278999328613,121.415000915527,37077000,121.415000915527,"2025","25","08","agosto","ago.","19","231","martes","mar.","33","33",3,2025 Q3
2025-08-20,121.800003051758,122.300003051758,119.331001281738,121.386001586914,24344000,121.386001586914,"2025","25","08","agosto","ago.","20","232","miércoles","mié.","33","33",3,2025 Q3
2025-08-21,121.142997741699,122.139999389648,119.763999938965,120.621002197266,20472000,120.621002197266,"2025","25","08","agosto","ago.","21","233","jueves","jue.","33","33",3,2025 Q3
2025-08-22,120.888000488281,121.361999511719,119.822998046875,120.464996337891,31281000,120.464996337891,"2025","25","08","agosto","ago.","22","234","viernes","vie.","33","33",3,2025 Q3
2025-08-25,120.165000915527,123.379997253418,119.900001525879,121.806999206543,28120000,121.806999206543,"2025","25","08","agosto","ago.","25","237","lunes","lun.","34","34",3,2025 Q3
2025-08-26,122.021003723145,123.150001525879,121.220001220703,122.609001159668,19857000,122.609001159668,"2025","25","08","agosto","ago.","26","238","martes","mar.","34","34",3,2025 Q3
2025-08-27,122.361000061035,122.920997619629,121.300003051758,122.349998474121,16645000,122.349998474121,"2025","25","08","agosto","ago.","27","239","miércoles","mié.","34","34",3,2025 Q3
2025-08-28,122.278999328613,123.789001464844,121.427001953125,123.144996643066,19503000,123.144996643066,"2025","25","08","agosto","ago.","28","240","jueves","jue.","34","34",3,2025 Q3
2025-08-29,122.796997070312,122.878997802734,120.11499786377,120.824996948242,32098000,120.824996948242,"2025","25","08","agosto","ago.","29","241","viernes","vie.","34","34",3,2025 Q3
2025-09-02,119.699996948242,121.540000915527,118.279998779297,121.411003112793,23033000,121.411003112793,"2025","25","09","septiembre","sep.","02","245","martes","mar.","35","35",3,2025 Q3
2025-09-03,120.513999938965,122.699996948242,120.337997436523,122.61799621582,24715000,122.61799621582,"2025","25","09","septiembre","sep.","03","246","miércoles","mié.","35","35",3,2025 Q3
2025-09-04,122.319999694824,125.748001098633,122.30899810791,125.748001098633,30235000,125.748001098633,"2025","25","09","septiembre","sep.","04","247","jueves","jue.","35","35",3,2025 Q3
2025-09-05,126,126.709999084473,123.902000427246,124.38200378418,23797000,124.38200378418,"2025","25","09","septiembre","sep.","05","248","viernes","vie.","35","35",3,2025 Q3
2025-09-08,124.853996276855,125.204002380371,123.199996948242,124.475997924805,19151000,124.475997924805,"2025","25","09","septiembre","sep.","08","251","lunes","lun.","36","36",3,2025 Q3
2025-09-09,124.666999816895,126.571998596191,124.666999816895,126.324996948242,22197000,126.324996948242,"2025","25","09","septiembre","sep.","09","252","martes","mar.","36","36",3,2025 Q3
2025-09-10,126.397003173828,126.699996948242,124.636001586914,124.771003723145,27010000,124.771003723145,"2025","25","09","septiembre","sep.","10","253","miércoles","mié.","36","36",3,2025 Q3
2025-09-11,125.099998474121,125.345001220703,119.199996948242,120.349998474121,56823000,120.349998474121,"2025","25","09","septiembre","sep.","11","254","jueves","jue.","36","36",3,2025 Q3
2025-09-12,120.305999755859,121.178001403809,118.23999786377,118.84400177002,37849000,118.84400177002,"2025","25","09","septiembre","sep.","12","255","viernes","vie.","36","36",3,2025 Q3
2025-09-15,118.839996337891,120.723999023438,117.320999145508,120.225997924805,29093000,120.225997924805,"2025","25","09","septiembre","sep.","15","258","lunes","lun.","37","37",3,2025 Q3
2025-09-16,120.564002990723,120.900001525879,119.727996826172,120.051002502441,24047000,120.051002502441,"2025","25","09","septiembre","sep.","16","259","martes","mar.","37","37",3,2025 Q3
2025-09-17,122.101997375488,123.392997741699,120.661003112793,122.849998474121,34598000,122.849998474121,"2025","25","09","septiembre","sep.","17","260","miércoles","mié.","37","37",3,2025 Q3
2025-09-18,122.082000732422,123.300003051758,120.550003051758,120.77799987793,31691000,120.77799987793,"2025","25","09","septiembre","sep.","18","261","jueves","jue.","37","37",3,2025 Q3
2025-09-19,121.861999511719,122.995002746582,120.809997558594,122.696998596191,49476000,122.696998596191,"2025","25","09","septiembre","sep.","19","262","viernes","vie.","37","37",3,2025 Q3
2025-09-22,122.190002441406,122.975997924805,121.424003601074,122.736999511719,25468000,122.736999511719,"2025","25","09","septiembre","sep.","22","265","lunes","lun.","38","38",3,2025 Q3
2025-09-23,122.733001708984,122.778999328613,120.84700012207,121.84700012207,24991000,121.84700012207,"2025","25","09","septiembre","sep.","23","266","martes","mar.","38","38",3,2025 Q3
2025-09-24,121.861000061035,122.150001525879,119.419998168945,120.394996643066,27731000,120.394996643066,"2025","25","09","septiembre","sep.","24","267","miércoles","mié.","38","38",3,2025 Q3
2025-09-25,120.30899810791,121.68399810791,119.151000976562,120.823997497559,19978000,120.823997497559,"2025","25","09","septiembre","sep.","25","268","jueves","jue.","38","38",3,2025 Q3
2025-09-26,120.541999816895,121.400001525879,120,121.060997009277,19450000,121.060997009277,"2025","25","09","septiembre","sep.","26","269","viernes","vie.","38","38",3,2025 Q3
2025-09-29,120.5,122.448997497559,118.753997802734,120.640998840332,30332000,120.640998840332,"2025","25","09","septiembre","sep.","29","272","lunes","lun.","39","39",3,2025 Q3
2025-09-30,120.640998840332,120.849998474121,117.800003051758,119.891998291016,38303000,119.891998291016,"2025","25","09","septiembre","sep.","30","273","martes","mar.","39","39",3,2025 Q3
2025-10-01,117.549003601074,117.914001464844,116.320999145508,117.089996337891,41102000,117.089996337891,"2025","25","10","octubre","oct.","01","274","miércoles","mié.","39","39",4,2025 Q4
2025-10-02,116.150001525879,116.333000183105,113.400001525879,116.252998352051,46855000,116.252998352051,"2025","25","10","octubre","oct.","02","275","jueves","jue.","39","39",4,2025 Q4
2025-10-03,116.5,116.800003051758,114.321998596191,115.332000732422,31374000,115.332000732422,"2025","25","10","octubre","oct.","03","276","viernes","vie.","39","39",4,2025 Q4
2025-10-06,116.037002563477,116.358001708984,114.544998168945,116.331001281738,29686000,116.331001281738,"2025","25","10","octubre","oct.","06","279","lunes","lun.","40","40",4,2025 Q4
2025-10-07,117.778999328613,120.137001037598,117.746002197266,119.106002807617,33091000,119.106002807617,"2025","25","10","octubre","oct.","07","280","martes","mar.","40","40",4,2025 Q4
2025-10-08,119.710998535156,121.738998413086,119.199996948242,121.425003051758,28514000,121.425003051758,"2025","25","10","octubre","oct.","08","281","miércoles","mié.","40","40",4,2025 Q4
2025-10-09,121.425003051758,123.75,121.181999206543,123.107002258301,28241000,123.107002258301,"2025","25","10","octubre","oct.","09","282","jueves","jue.","40","40",4,2025 Q4
2025-10-10,122.900001525879,124.699996948242,121.910003662109,122.008003234863,42798000,122.008003234863,"2025","25","10","octubre","oct.","10","283","viernes","vie.","40","40",4,2025 Q4
2025-10-13,122.13500213623,123.111999511719,120.680999755859,121.90299987793,24608000,121.90299987793,"2025","25","10","octubre","oct.","13","286","lunes","lun.","41","41",4,2025 Q4
2025-10-14,121.474998474121,122.429000854492,120.309997558594,121.535003662109,23624000,121.535003662109,"2025","25","10","octubre","oct.","14","287","martes","mar.","41","41",4,2025 Q4
2025-10-15,121.301002502441,121.96199798584,120.161003112793,120.329002380371,20252000,120.329002380371,"2025","25","10","octubre","oct.","15","288","miércoles","mié.","41","41",4,2025 Q4
2025-10-16,121.214996337891,121.670997619629,117.599998474121,118.359001159668,28326000,118.359001159668,"2025","25","10","octubre","oct.","16","289","jueves","jue.","41","41",4,2025 Q4
2025-10-17,118.360000610352,120.311996459961,117.894996643066,119.935997009277,29571000,119.935997009277,"2025","25","10","octubre","oct.","17","290","viernes","vie.","41","41",4,2025 Q4
2025-10-20,120.78800201416,124.776000976562,120.690002441406,123.856002807617,39862000,123.856002807617,"2025","25","10","octubre","oct.","20","293","lunes","lun.","42","42",4,2025 Q4
2025-10-21,124.282997131348,124.860000610352,123.176002502441,124.13500213623,65082000,124.13500213623,"2025","25","10","octubre","oct.","21","294","martes","mar.","42","42",4,2025 Q4
2025-10-22,114.290000915527,115.76000213623,111.250999450684,111.637001037598,147890000,111.637001037598,"2025","25","10","octubre","oct.","22","295","miércoles","mié.","42","42",4,2025 Q4
2025-10-23,112.690002441406,112.782997131348,109.972999572754,111.359001159668,68497000,111.359001159668,"2025","25","10","octubre","oct.","23","296","jueves","jue.","42","42",4,2025 Q4
2025-10-24,111.099998474121,111.450996398926,109.44100189209,109.46900177002,60280000,109.46900177002,"2025","25","10","octubre","oct.","24","297","viernes","vie.","42","42",4,2025 Q4
2025-10-27,110.067001342773,110.227996826172,108.730003356934,109.456001281738,46911000,109.456001281738,"2025","25","10","octubre","oct.","27","300","lunes","lun.","43","43",4,2025 Q4
2025-10-28,109.400001525879,111.697998046875,109.301002502441,110.25,40209000,110.25,"2025","25","10","octubre","oct.","28","301","martes","mar.","43","43",4,2025 Q4
2025-10-29,109.984001159668,110.855003356934,109.599998474121,110.041000366211,33995000,110.041000366211,"2025","25","10","octubre","oct.","29","302","miércoles","mié.","43","43",4,2025 Q4
2025-10-30,109.440002441406,110.615997314453,108.810997009277,108.900001525879,41581000,108.900001525879,"2025","25","10","octubre","oct.","30","303","jueves","jue.","43","43",4,2025 Q4
2025-10-31,110.539001464844,113.487998962402,110.197998046875,111.886001586914,68665000,111.886001586914,"2025","25","10","octubre","oct.","31","304","viernes","vie.","43","43",4,2025 Q4
2025-11-03,113.323997497559,113.349998474121,107.514999389648,110.009002685547,58634000,110.009002685547,"2025","25","11","noviembre","nov.","03","307","lunes","lun.","44","44",4,2025 Q4
2025-11-04,109.999000549316,110.459999084473,108.667999267578,109.295997619629,38718000,109.295997619629,"2025","25","11","noviembre","nov.","04","308","martes","mar.","44","44",4,2025 Q4
2025-11-05,108.5,110.084999084473,107.33699798584,109.846000671387,35539000,109.846000671387,"2025","25","11","noviembre","nov.","05","309","miércoles","mié.","44","44",4,2025 Q4
2025-11-06,109.458000183105,110.370002746582,108.513000488281,109.702003479004,36532000,109.702003479004,"2025","25","11","noviembre","nov.","06","310","jueves","jue.","44","44",4,2025 Q4
2025-11-07,109.417999267578,110.821998596191,108.75,110.365997314453,44125000,110.365997314453,"2025","25","11","noviembre","nov.","07","311","viernes","vie.","44","44",4,2025 Q4
2025-11-10,110.671997070312,112.819999694824,110.404998779297,112.00700378418,36929000,112.00700378418,"2025","25","11","noviembre","nov.","10","314","lunes","lun.","45","45",4,2025 Q4
2025-11-11,111.76000213623,113.921997070312,111.279998779297,113.643997192383,27966000,113.643997192383,"2025","25","11","noviembre","nov.","11","315","martes","mar.","45","45",4,2025 Q4
2025-11-12,113.817001342773,116.43399810791,112.825996398926,115.75,39221000,115.75,"2025","25","11","noviembre","nov.","12","316","miércoles","mié.","45","45",4,2025 Q4
2025-11-13,115.849998474121,116.733001708984,114.569000244141,115.422996520996,40144000,115.422996520996,"2025","25","11","noviembre","nov.","13","317","jueves","jue.","45","45",4,2025 Q4
2025-11-14,114.273002624512,114.273002624512,110.721000671387,111.217002868652,47607000,111.217002868652,"2025","25","11","noviembre","nov.","14","318","viernes","vie.","45","45",4,2025 Q4
2025-11-17,110.75,111.849998474121,109.550003051758,110.290000915527,26082700,110.290000915527,"2025","25","11","noviembre","nov.","17","321","lunes","lun.","46","46",4,2025 Q4
2025-11-18,110.290000915527,115.25,109.199996948242,114.089996337891,43440600,114.089996337891,"2025","25","11","noviembre","nov.","18","322","martes","mar.","46","46",4,2025 Q4
2025-11-19,113,113.339996337891,108.610000610352,110,31868100,110,"2025","25","11","noviembre","nov.","19","323","miércoles","mié.","46","46",4,2025 Q4
2025-11-20,111,111.099998474121,105.389999389648,105.669998168945,36918500,105.669998168945,"2025","25","11","noviembre","nov.","20","324","jueves","jue.","46","46",4,2025 Q4
2025-11-21,105.129997253418,106.529998779297,103.809997558594,104.309997558594,41232700,104.309997558594,"2025","25","11","noviembre","nov.","21","325","viernes","vie.","46","46",4,2025 Q4
2025-11-24,104.25,108.040000915527,103.319999694824,106.970001220703,62918300,106.970001220703,"2025","25","11","noviembre","nov.","24","328","lunes","lun.","47","47",4,2025 Q4
2025-11-25,106.120002746582,106.300003051758,103.819999694824,104.400001525879,35122600,104.400001525879,"2025","25","11","noviembre","nov.","25","329","martes","mar.","47","47",4,2025 Q4
2025-11-26,105.73999786377,106.949996948242,105.220001220703,106.139999389648,27951000,106.139999389648,"2025","25","11","noviembre","nov.","26","330","miércoles","mié.","47","47",4,2025 Q4
2025-11-28,106.440002441406,107.940002441406,106.23999786377,107.580001831055,15021600,107.580001831055,"2025","25","11","noviembre","nov.","28","332","viernes","vie.","47","47",4,2025 Q4
2025-12-01,106.51000213623,109.339996337891,106.309997558594,109.129997253418,24873400,109.129997253418,"2025","25","12","diciembre","dic.","01","335","lunes","lun.","48","48",4,2025 Q4
2025-12-02,109.209999084473,109.730003356934,107.519996643066,109.349998474121,25763000,109.349998474121,"2025","25","12","diciembre","dic.","02","336","martes","mar.","48","48",4,2025 Q4
2025-12-03,106.589996337891,106.870002746582,102.029998779297,103.959999084473,53593400,103.959999084473,"2025","25","12","diciembre","dic.","03","337","miércoles","mié.","48","48",4,2025 Q4
2025-12-04,103.569999694824,103.800003051758,101.769996643066,103.220001220703,51779100,103.220001220703,"2025","25","12","diciembre","dic.","04","338","jueves","jue.","48","48",4,2025 Q4
2025-12-05,98.7799987792969,104.790000915527,97.7399978637695,100.23999786377,133363600,100.23999786377,"2025","25","12","diciembre","dic.","05","339","viernes","vie.","48","48",4,2025 Q4
2025-12-08,99.870002746582,99.8899993896484,95.3000030517578,96.7900009155273,100906300,96.7900009155273,"2025","25","12","diciembre","dic.","08","342","lunes","lun.","49","49",4,2025 Q4
2025-12-09,97.0299987792969,97.2399978637695,95.4499969482422,96.7099990844727,51745600,96.7099990844727,"2025","25","12","diciembre","dic.","09","343","martes","mar.","49","49",4,2025 Q4
2025-12-10,96.7399978637695,96.9700012207031,92.3499984741211,92.7099990844727,74129300,92.7099990844727,"2025","25","12","diciembre","dic.","10","344","miércoles","mié.","49","49",4,2025 Q4
2025-12-11,93.9000015258789,94.8199996948242,92.7600021362305,94.0899963378906,43949000,94.0899963378906,"2025","25","12","diciembre","dic.","11","345","jueves","jue.","49","49",4,2025 Q4
2025-12-12,95.5,96.9199981689453,94.6500015258789,95.1900024414062,49323100,95.1900024414062,"2025","25","12","diciembre","dic.","12","346","viernes","vie.","49","49",4,2025 Q4
2025-12-15,96.0199966430664,96.370002746582,93.5299987792969,93.7699966430664,40016500,93.7699966430664,"2025","25","12","diciembre","dic.","15","349","lunes","lun.","50","50",4,2025 Q4
2025-12-16,93.879997253418,94.9300003051758,93.3199996948242,94.5699996948242,34265000,94.5699996948242,"2025","25","12","diciembre","dic.","16","350","martes","mar.","50","50",4,2025 Q4
2025-12-17,95.9800033569336,97.3300018310547,94.4599990844727,94.7900009155273,50472800,94.7900009155273,"2025","25","12","diciembre","dic.","17","351","miércoles","mié.","50","50",4,2025 Q4
2025-12-18,95.0199966430664,95.8099975585938,93.5899963378906,94,37244700,94,"2025","25","12","diciembre","dic.","18","352","jueves","jue.","50","50",4,2025 Q4
2025-12-19,93.5699996948242,95.5400009155273,93.4499969482422,94.3899993896484,78990200,94.3899993896484,"2025","25","12","diciembre","dic.","19","353","viernes","vie.","50","50",4,2025 Q4
2025-12-22,94.7099990844727,94.7099990844727,92.9100036621094,93.2300033569336,39484800,93.2300033569336,"2025","25","12","diciembre","dic.","22","356","lunes","lun.","51","51",4,2025 Q4
2025-12-23,93.4000015258789,93.8099975585938,91.3300018310547,93.5,25896200,93.5,"2025","25","12","diciembre","dic.","23","357","martes","mar.","51","51",4,2025 Q4
2025-12-24,93.1100006103516,93.6800003051758,92.6699981689453,93.6399993896484,12427900,93.6399993896484,"2025","25","12","diciembre","dic.","24","358","miércoles","mié.","51","51",4,2025 Q4
2025-12-26,93.4800033569336,94.6900024414062,93.2699966430664,94.4700012207031,22068300,94.4700012207031,"2025","25","12","diciembre","dic.","26","360","viernes","vie.","51","51",4,2025 Q4
2025-12-29,93.9899978637695,94.9700012207031,93.629997253418,94.1500015258789,24493700,94.1500015258789,"2025","25","12","diciembre","dic.","29","363","lunes","lun.","52","52",4,2025 Q4
2025-12-30,93.5199966430664,93.9899978637695,93.3399963378906,93.7799987792969,23422000,93.7799987792969,"2025","25","12","diciembre","dic.","30","364","martes","mar.","52","52",4,2025 Q4
2025-12-31,93.5999984741211,94.3099975585938,93.1999969482422,93.7600021362305,23495200,93.7600021362305,"2025","25","12","diciembre","dic.","31","365","miércoles","mié.","52","52",4,2025 Q4
2026-01-02,94.129997253418,94.129997253418,90.8099975585938,90.9899978637695,41155400,90.9899978637695,"2026","26","01","enero","ene.","02","002","viernes","vie.","00","00",1,2026 Q1
2026-01-05,90.9199981689453,92.629997253418,90.8399963378906,91.4599990844727,39183300,91.4599990844727,"2026","26","01","enero","ene.","05","005","lunes","lun.","01","01",1,2026 Q1
2026-01-06,91.5400009155273,91.6399993896484,89.7399978637695,90.6500015258789,43331000,90.6500015258789,"2026","26","01","enero","ene.","06","006","martes","mar.","01","01",1,2026 Q1
2026-01-07,91.5599975585938,92.4199981689453,90.0599975585938,90.7300033569336,36525700,90.7300033569336,"2026","26","01","enero","ene.","07","007","miércoles","mié.","01","01",1,2026 Q1
2026-01-08,90.4499969482422,91.25,89.5800018310547,90.5299987792969,40068700,90.5299987792969,"2026","26","01","enero","ene.","08","008","jueves","jue.","01","01",1,2026 Q1
2026-01-09,90.0299987792969,90.0500030517578,88.3199996948242,89.4599990844727,55579500,89.4599990844727,"2026","26","01","enero","ene.","09","009","viernes","vie.","01","01",1,2026 Q1
2026-01-12,89.6900024414062,90.3399963378906,89.3300018310547,89.4100036621094,36290600,89.4100036621094,"2026","26","01","enero","ene.","12","012","lunes","lun.","02","02",1,2026 Q1
2026-01-13,89.4400024414062,91.1500015258789,89.0699996948242,90.3199996948242,45221100,90.3199996948242,"2026","26","01","enero","ene.","13","013","martes","mar.","02","02",1,2026 Q1
2026-01-14,91.2399978637695,91.5800018310547,87.9499969482422,88.5500030517578,49737700,88.5500030517578,"2026","26","01","enero","ene.","14","014","miércoles","mié.","02","02",1,2026 Q1
2026-01-15,89.0199966430664,89.8899993896484,87.8199996948242,88.0500030517578,36945100,88.0500030517578,"2026","26","01","enero","ene.","15","015","jueves","jue.","02","02",1,2026 Q1
2026-01-16,88.3399963378906,88.5100021362305,87.7799987792969,88,48130500,88,"2026","26","01","enero","ene.","16","016","viernes","vie.","02","02",1,2026 Q1
2026-01-20,88.9700012207031,89.9000015258789,87.0199966430664,87.2600021362305,109729700,87.2600021362305,"2026","26","01","enero","ene.","20","020","martes","mar.","03","03",1,2026 Q1
2026-01-21,82.5199966430664,86,81.9300003051758,85.3600006103516,127940700,85.3600006103516,"2026","26","01","enero","ene.","21","021","miércoles","mié.","03","03",1,2026 Q1
2026-01-22,85.0199966430664,85.0999984741211,82.9800033569336,83.5400009155273,69113300,83.5400009155273,"2026","26","01","enero","ene.","22","022","jueves","jue.","03","03",1,2026 Q1
2026-01-23,83.4300003051758,86.3000030517578,83.2799987792969,86.120002746582,64520400,86.120002746582,"2026","26","01","enero","ene.","23","023","viernes","vie.","03","03",1,2026 Q1
2026-01-26,86.9199981689453,86.9400024414062,85.3499984741211,85.6999969482422,40941900,85.6999969482422,"2026","26","01","enero","ene.","26","026","lunes","lun.","04","04",1,2026 Q1
2026-01-27,85.2799987792969,85.5999984741211,83.879997253418,85.5800018310547,37790800,85.5800018310547,"2026","26","01","enero","ene.","27","027","martes","mar.","04","04",1,2026 Q1
2026-01-28,85.629997253418,86.4700012207031,84.3000030517578,84.6399993896484,37762600,84.6399993896484,"2026","26","01","enero","ene.","28","028","miércoles","mié.","04","04",1,2026 Q1
2026-01-29,84.3099975585938,84.379997253418,82.3499984741211,83.1600036621094,42278100,83.1600036621094,"2026","26","01","enero","ene.","29","029","jueves","jue.","04","04",1,2026 Q1
2026-01-30,83.0999984741211,84.0599975585938,82.7799987792969,83.4899978637695,45755000,83.4899978637695,"2026","26","01","enero","ene.","30","030","viernes","vie.","04","04",1,2026 Q1
2026-02-02,83.5299987792969,85.2699966430664,82.7200012207031,82.7600021362305,41445300,82.7600021362305,"2026","26","02","febrero","feb.","02","033","lunes","lun.","05","05",1,2026 Q1
2026-02-03,82.2300033569336,82.4499969482422,79.620002746582,79.9400024414062,49789000,79.9400024414062,"2026","26","02","febrero","feb.","03","034","martes","mar.","05","05",1,2026 Q1
2026-02-04,79.9899978637695,81.4400024414062,79.2300033569336,80.1600036621094,48963200,80.1600036621094,"2026","26","02","febrero","feb.","04","035","miércoles","mié.","05","05",1,2026 Q1
2026-02-05,81.4899978637695,83.3000030517578,80.5400009155273,80.870002746582,54805700,80.870002746582,"2026","26","02","febrero","feb.","05","036","jueves","jue.","05","05",1,2026 Q1
2026-02-06,81.0199966430664,82.4899978637695,80.6500015258789,82.1999969482422,46154100,82.1999969482422,"2026","26","02","febrero","feb.","06","037","viernes","vie.","05","05",1,2026 Q1
2026-02-09,82.1800003051758,82.2099990844727,79.870002746582,81.4700012207031,42200200,81.4700012207031,"2026","26","02","febrero","feb.","09","040","lunes","lun.","06","06",1,2026 Q1
2026-02-10,82.7200012207031,84.6600036621094,82.0899963378906,82.2099990844727,43595800,82.2099990844727,"2026","26","02","febrero","feb.","10","041","martes","mar.","06","06",1,2026 Q1
2026-02-11,81.9599990844727,82.4800033569336,79.4499969482422,79.620002746582,40840300,79.620002746582,"2026","26","02","febrero","feb.","11","042","miércoles","mié.","06","06",1,2026 Q1
2026-02-12,79.1100006103516,79.1500015258789,75.2300033569336,75.8600006103516,73516100,75.8600006103516,"2026","26","02","febrero","feb.","12","043","jueves","jue.","06","06",1,2026 Q1
2026-02-13,76.1399993896484,77.1800003051758,75.5299987792969,76.870002746582,42292100,76.870002746582,"2026","26","02","febrero","feb.","13","044","viernes","vie.","06","06",1,2026 Q1
2026-02-17,76.9199981689453,77.870002746582,75.3000030517578,77,35961500,77,"2026","26","02","febrero","feb.","17","048","martes","mar.","07","07",1,2026 Q1
2026-02-18,77.3199996948242,78.3199996948242,76.2799987792969,77.9899978637695,29883100,77.9899978637695,"2026","26","02","febrero","feb.","18","049","miércoles","mié.","07","07",1,2026 Q1
2026-02-19,77.75,78.6999969482422,76.5899963378906,77,30139200,77,"2026","26","02","febrero","feb.","19","050","jueves","jue.","07","07",1,2026 Q1
2026-02-20,76.6100006103516,78.8499984741211,76.4000015258789,78.6699981689453,32411300,78.6699981689453,"2026","26","02","febrero","feb.","20","051","viernes","vie.","07","07",1,2026 Q1
2026-02-23,77.7900009155273,77.8300018310547,75.0100021362305,76.0199966430664,38363000,76.0199966430664,"2026","26","02","febrero","feb.","23","054","lunes","lun.","08","08",1,2026 Q1
2026-02-24,75.7300033569336,78.120002746582,75.2099990844727,78.0400009155273,33079100,78.0400009155273,"2026","26","02","febrero","feb.","24","055","martes","mar.","08","08",1,2026 Q1
2026-02-25,79.4300003051758,83.120002746582,79.25,82.6999969482422,69319300,82.6999969482422,"2026","26","02","febrero","feb.","25","056","miércoles","mié.","08","08",1,2026 Q1
2026-02-26,83.1999969482422,86.5,82.8000030517578,84.5899963378906,85642500,84.5899963378906,"2026","26","02","febrero","feb.","26","057","jueves","jue.","08","08",1,2026 Q1
2026-02-27,94.3000030517578,96.75,90.5800018310547,96.2399978637695,200767000,96.2399978637695,"2026","26","02","febrero","feb.","27","058","viernes","vie.","08","08",1,2026 Q1
2026-03-02,95.2600021362305,98.0699996948242,95.1999969482422,97.0899963378906,79915400,97.0899963378906,"2026","26","03","marzo","mar.","02","061","lunes","lun.","09","09",1,2026 Q1
2026-03-03,96.0100021362305,98.4599990844727,95.3300018310547,97.6999969482422,59149000,97.6999969482422,"2026","26","03","marzo","mar.","03","062","martes","mar.","09","09",1,2026 Q1
2026-03-04,97.1100006103516,99.75,96.9899978637695,98.6600036621094,52604300,98.6600036621094,"2026","26","03","marzo","mar.","04","063","miércoles","mié.","09","09",1,2026 Q1
